GEO.id,GEO.id2,GEO.display-label,HD01_VD01,HD02_VD01
Id,Id2,Geography,Estimate; Total,Margin of Error; Total
8600000US73430,73430,ZCTA5 73430,1313,213
8600000US73931,73931,ZCTA5 73931,473,94
8600000US73949,73949,ZCTA5 73949,1434,219
8600000US75001,75001,ZCTA5 75001,14617,291
8600000US75002,75002,ZCTA5 75002,69688,1186
8600000US75006,75006,ZCTA5 75006,50788,474
8600000US75007,75007,ZCTA5 75007,53744,1333
8600000US75009,75009,ZCTA5 75009,10557,774
8600000US75010,75010,ZCTA5 75010,27822,1099
8600000US75013,75013,ZCTA5 75013,38975,1118
8600000US75019,75019,ZCTA5 75019,41947,365
8600000US75020,75020,ZCTA5 75020,21891,491
8600000US75021,75021,ZCTA5 75021,8704,683
8600000US75022,75022,ZCTA5 75022,24625,602
8600000US75023,75023,ZCTA5 75023,49563,1099
8600000US75024,75024,ZCTA5 75024,42405,903
8600000US75025,75025,ZCTA5 75025,53559,1078
8600000US75028,75028,ZCTA5 75028,47056,628
8600000US75032,75032,ZCTA5 75032,31399,1019
8600000US75034,75034,ZCTA5 75034,95996,1400
8600000US75035,75035,ZCTA5 75035,65264,1097
8600000US75038,75038,ZCTA5 75038,29762,1074
8600000US75039,75039,ZCTA5 75039,18010,973
8600000US75040,75040,ZCTA5 75040,62277,1429
8600000US75041,75041,ZCTA5 75041,33304,1057
8600000US75042,75042,ZCTA5 75042,39559,1468
8600000US75043,75043,ZCTA5 75043,59951,1515
8600000US75044,75044,ZCTA5 75044,40942,1254
8600000US75048,75048,ZCTA5 75048,24203,101
8600000US75050,75050,ZCTA5 75050,42670,1340
8600000US75051,75051,ZCTA5 75051,40962,1429
8600000US75052,75052,ZCTA5 75052,94133,1901
8600000US75054,75054,ZCTA5 75054,10764,911
8600000US75056,75056,ZCTA5 75056,57115,1166
8600000US75057,75057,ZCTA5 75057,14562,670
8600000US75058,75058,ZCTA5 75058,2697,311
8600000US75060,75060,ZCTA5 75060,47922,1306
8600000US75061,75061,ZCTA5 75061,54907,1306
8600000US75062,75062,ZCTA5 75062,48553,1654
8600000US75063,75063,ZCTA5 75063,38383,952
8600000US75065,75065,ZCTA5 75065,12457,431
8600000US75067,75067,ZCTA5 75067,66896,1301
8600000US75068,75068,ZCTA5 75068,55848,1199
8600000US75069,75069,ZCTA5 75069,36879,1284
8600000US75070,75070,ZCTA5 75070,93299,1471
8600000US75071,75071,ZCTA5 75071,49846,1255
8600000US75074,75074,ZCTA5 75074,48977,1403
8600000US75075,75075,ZCTA5 75075,35933,987
8600000US75076,75076,ZCTA5 75076,7244,515
8600000US75077,75077,ZCTA5 75077,36181,1011
8600000US75078,75078,ZCTA5 75078,20611,712
8600000US75080,75080,ZCTA5 75080,50247,1236
8600000US75081,75081,ZCTA5 75081,37960,1104
8600000US75082,75082,ZCTA5 75082,23733,707
8600000US75087,75087,ZCTA5 75087,33110,1192
8600000US75088,75088,ZCTA5 75088,25842,781
8600000US75089,75089,ZCTA5 75089,33117,727
8600000US75090,75090,ZCTA5 75090,23936,1031
8600000US75092,75092,ZCTA5 75092,24312,1036
8600000US75093,75093,ZCTA5 75093,48021,1029
8600000US75094,75094,ZCTA5 75094,23097,432
8600000US75098,75098,ZCTA5 75098,54534,1126
8600000US75101,75101,ZCTA5 75101,710,131
8600000US75102,75102,ZCTA5 75102,1251,382
8600000US75103,75103,ZCTA5 75103,13967,893
8600000US75104,75104,ZCTA5 75104,48568,267
8600000US75105,75105,ZCTA5 75105,245,148
8600000US75109,75109,ZCTA5 75109,4096,436
8600000US75110,75110,ZCTA5 75110,28847,648
8600000US75114,75114,ZCTA5 75114,5930,588
8600000US75115,75115,ZCTA5 75115,52377,111
8600000US75116,75116,ZCTA5 75116,19996,711
8600000US75117,75117,ZCTA5 75117,4007,327
8600000US75119,75119,ZCTA5 75119,27514,572
8600000US75124,75124,ZCTA5 75124,4229,692
8600000US75125,75125,ZCTA5 75125,6236,710
8600000US75126,75126,ZCTA5 75126,42409,1048
8600000US75127,75127,ZCTA5 75127,1719,286
8600000US75132,75132,ZCTA5 75132,1864,541
8600000US75134,75134,ZCTA5 75134,22106,850
8600000US75135,75135,ZCTA5 75135,7113,655
8600000US75137,75137,ZCTA5 75137,19640,722
8600000US75140,75140,ZCTA5 75140,6752,497
8600000US75141,75141,ZCTA5 75141,5815,170
8600000US75142,75142,ZCTA5 75142,18702,1039
8600000US75143,75143,ZCTA5 75143,14138,972
8600000US75144,75144,ZCTA5 75144,3377,359
8600000US75146,75146,ZCTA5 75146,19071,1008
8600000US75147,75147,ZCTA5 75147,6736,748
8600000US75148,75148,ZCTA5 75148,5774,672
8600000US75149,75149,ZCTA5 75149,55797,1620
8600000US75150,75150,ZCTA5 75150,62297,1554
8600000US75152,75152,ZCTA5 75152,4694,727
8600000US75153,75153,ZCTA5 75153,440,176
8600000US75154,75154,ZCTA5 75154,40225,1172
8600000US75155,75155,ZCTA5 75155,2946,387
8600000US75156,75156,ZCTA5 75156,15720,736
8600000US75157,75157,ZCTA5 75157,267,93
8600000US75158,75158,ZCTA5 75158,3793,456
8600000US75159,75159,ZCTA5 75159,19440,669
8600000US75160,75160,ZCTA5 75160,25315,923
8600000US75161,75161,ZCTA5 75161,6577,835
8600000US75163,75163,ZCTA5 75163,2440,385
8600000US75164,75164,ZCTA5 75164,629,179
8600000US75165,75165,ZCTA5 75165,42048,1013
8600000US75166,75166,ZCTA5 75166,4057,276
8600000US75167,75167,ZCTA5 75167,10616,1045
8600000US75169,75169,ZCTA5 75169,12779,859
8600000US75172,75172,ZCTA5 75172,4109,112
8600000US75173,75173,ZCTA5 75173,4166,573
8600000US75180,75180,ZCTA5 75180,24112,473
8600000US75181,75181,ZCTA5 75181,27588,1472
8600000US75182,75182,ZCTA5 75182,6077,24
8600000US75189,75189,ZCTA5 75189,25560,1037
8600000US75201,75201,ZCTA5 75201,15185,1020
8600000US75202,75202,ZCTA5 75202,2029,320
8600000US75203,75203,ZCTA5 75203,16351,1025
8600000US75204,75204,ZCTA5 75204,30370,1387
8600000US75205,75205,ZCTA5 75205,24211,627
8600000US75206,75206,ZCTA5 75206,38762,1460
8600000US75207,75207,ZCTA5 75207,8028,522
8600000US75208,75208,ZCTA5 75208,29448,1204
8600000US75209,75209,ZCTA5 75209,13898,816
8600000US75210,75210,ZCTA5 75210,8243,757
8600000US75211,75211,ZCTA5 75211,77600,2325
8600000US75212,75212,ZCTA5 75212,26120,1019
8600000US75214,75214,ZCTA5 75214,34145,1092
8600000US75215,75215,ZCTA5 75215,15664,1030
8600000US75216,75216,ZCTA5 75216,52895,2208
8600000US75217,75217,ZCTA5 75217,85249,2397
8600000US75218,75218,ZCTA5 75218,22264,1006
8600000US75219,75219,ZCTA5 75219,23277,1124
8600000US75220,75220,ZCTA5 75220,42642,1416
8600000US75223,75223,ZCTA5 75223,14351,865
8600000US75224,75224,ZCTA5 75224,36468,1628
8600000US75225,75225,ZCTA5 75225,21568,709
8600000US75226,75226,ZCTA5 75226,4790,552
8600000US75227,75227,ZCTA5 75227,57806,2190
8600000US75228,75228,ZCTA5 75228,74605,1964
8600000US75229,75229,ZCTA5 75229,32390,996
8600000US75230,75230,ZCTA5 75230,27521,1009
8600000US75231,75231,ZCTA5 75231,40464,1599
8600000US75232,75232,ZCTA5 75232,30714,1779
8600000US75233,75233,ZCTA5 75233,16318,1190
8600000US75234,75234,ZCTA5 75234,32589,602
8600000US75235,75235,ZCTA5 75235,18794,1326
8600000US75236,75236,ZCTA5 75236,18542,1247
8600000US75237,75237,ZCTA5 75237,20295,1352
8600000US75238,75238,ZCTA5 75238,33009,1017
8600000US75240,75240,ZCTA5 75240,27875,1430
8600000US75241,75241,ZCTA5 75241,29398,1783
8600000US75243,75243,ZCTA5 75243,67445,2128
8600000US75244,75244,ZCTA5 75244,13613,664
8600000US75246,75246,ZCTA5 75246,2276,406
8600000US75247,75247,ZCTA5 75247,712,263
8600000US75248,75248,ZCTA5 75248,35464,1207
8600000US75249,75249,ZCTA5 75249,16100,828
8600000US75251,75251,ZCTA5 75251,2368,370
8600000US75252,75252,ZCTA5 75252,26493,717
8600000US75253,75253,ZCTA5 75253,22721,1665
8600000US75254,75254,ZCTA5 75254,26602,1387
8600000US75270,75270,ZCTA5 75270,0,13
8600000US75287,75287,ZCTA5 75287,53903,797
8600000US75390,75390,ZCTA5 75390,0,13
8600000US75401,75401,ZCTA5 75401,18830,786
8600000US75402,75402,ZCTA5 75402,16931,992
8600000US75407,75407,ZCTA5 75407,16367,1108
8600000US75409,75409,ZCTA5 75409,14010,491
8600000US75410,75410,ZCTA5 75410,5327,714
8600000US75411,75411,ZCTA5 75411,1157,283
8600000US75412,75412,ZCTA5 75412,528,173
8600000US75413,75413,ZCTA5 75413,223,74
8600000US75414,75414,ZCTA5 75414,3184,409
8600000US75415,75415,ZCTA5 75415,128,79
8600000US75416,75416,ZCTA5 75416,2887,567
8600000US75417,75417,ZCTA5 75417,2691,317
8600000US75418,75418,ZCTA5 75418,14318,431
8600000US75420,75420,ZCTA5 75420,870,236
8600000US75421,75421,ZCTA5 75421,898,378
8600000US75422,75422,ZCTA5 75422,2946,543
8600000US75423,75423,ZCTA5 75423,2749,367
8600000US75424,75424,ZCTA5 75424,3765,647
8600000US75426,75426,ZCTA5 75426,4953,339
8600000US75428,75428,ZCTA5 75428,10802,239
8600000US75431,75431,ZCTA5 75431,2356,487
8600000US75432,75432,ZCTA5 75432,3519,203
8600000US75433,75433,ZCTA5 75433,2752,307
8600000US75435,75435,ZCTA5 75435,1374,310
8600000US75436,75436,ZCTA5 75436,1923,279
8600000US75437,75437,ZCTA5 75437,1335,216
8600000US75438,75438,ZCTA5 75438,918,139
8600000US75439,75439,ZCTA5 75439,932,159
8600000US75440,75440,ZCTA5 75440,6201,461
8600000US75441,75441,ZCTA5 75441,128,88
8600000US75442,75442,ZCTA5 75442,9848,845
8600000US75446,75446,ZCTA5 75446,3553,425
8600000US75447,75447,ZCTA5 75447,1057,244
8600000US75448,75448,ZCTA5 75448,604,188
8600000US75449,75449,ZCTA5 75449,1484,220
8600000US75450,75450,ZCTA5 75450,173,120
8600000US75451,75451,ZCTA5 75451,998,280
8600000US75452,75452,ZCTA5 75452,4306,370
8600000US75453,75453,ZCTA5 75453,3102,422
8600000US75454,75454,ZCTA5 75454,8807,285
8600000US75455,75455,ZCTA5 75455,28560,632
8600000US75457,75457,ZCTA5 75457,6131,425
8600000US75459,75459,ZCTA5 75459,5207,495
8600000US75460,75460,ZCTA5 75460,22226,645
8600000US75462,75462,ZCTA5 75462,11691,821
8600000US75468,75468,ZCTA5 75468,918,320
8600000US75469,75469,ZCTA5 75469,350,119
8600000US75470,75470,ZCTA5 75470,502,224
8600000US75471,75471,ZCTA5 75471,1503,406
8600000US75472,75472,ZCTA5 75472,3931,422
8600000US75473,75473,ZCTA5 75473,3879,442
8600000US75474,75474,ZCTA5 75474,15047,858
8600000US75475,75475,ZCTA5 75475,220,100
8600000US75476,75476,ZCTA5 75476,988,257
8600000US75477,75477,ZCTA5 75477,895,207
8600000US75478,75478,ZCTA5 75478,831,181
8600000US75479,75479,ZCTA5 75479,1859,215
8600000US75480,75480,ZCTA5 75480,1814,374
8600000US75481,75481,ZCTA5 75481,346,88
8600000US75482,75482,ZCTA5 75482,24802,507
8600000US75486,75486,ZCTA5 75486,2552,543
8600000US75487,75487,ZCTA5 75487,1688,393
8600000US75488,75488,ZCTA5 75488,603,167
8600000US75489,75489,ZCTA5 75489,1061,229
8600000US75490,75490,ZCTA5 75490,2399,234
8600000US75491,75491,ZCTA5 75491,5646,514
8600000US75492,75492,ZCTA5 75492,404,132
8600000US75493,75493,ZCTA5 75493,532,139
8600000US75494,75494,ZCTA5 75494,9931,632
8600000US75495,75495,ZCTA5 75495,7797,643
8600000US75496,75496,ZCTA5 75496,3436,385
8600000US75497,75497,ZCTA5 75497,3585,665
8600000US75501,75501,ZCTA5 75501,35692,1485
8600000US75503,75503,ZCTA5 75503,25916,1253
8600000US75550,75550,ZCTA5 75550,838,187
8600000US75551,75551,ZCTA5 75551,10867,731
8600000US75554,75554,ZCTA5 75554,1805,326
8600000US75555,75555,ZCTA5 75555,1765,427
8600000US75556,75556,ZCTA5 75556,1044,264
8600000US75558,75558,ZCTA5 75558,1902,602
8600000US75559,75559,ZCTA5 75559,5316,483
8600000US75560,75560,ZCTA5 75560,715,261
8600000US75561,75561,ZCTA5 75561,5108,387
8600000US75562,75562,ZCTA5 75562,58,64
8600000US75563,75563,ZCTA5 75563,4410,515
8600000US75565,75565,ZCTA5 75565,193,88
8600000US75566,75566,ZCTA5 75566,604,209
8600000US75567,75567,ZCTA5 75567,5191,757
8600000US75568,75568,ZCTA5 75568,2271,441
8600000US75569,75569,ZCTA5 75569,3229,20
8600000US75570,75570,ZCTA5 75570,10969,537
8600000US75571,75571,ZCTA5 75571,3189,506
8600000US75572,75572,ZCTA5 75572,4285,595
8600000US75573,75573,ZCTA5 75573,59,60
8600000US75574,75574,ZCTA5 75574,1716,309
8600000US75601,75601,ZCTA5 75601,16310,1176
8600000US75602,75602,ZCTA5 75602,22112,1083
8600000US75603,75603,ZCTA5 75603,5913,725
8600000US75604,75604,ZCTA5 75604,30565,1500
8600000US75605,75605,ZCTA5 75605,30721,1310
8600000US75630,75630,ZCTA5 75630,2238,367
8600000US75631,75631,ZCTA5 75631,3137,384
8600000US75633,75633,ZCTA5 75633,13779,571
8600000US75638,75638,ZCTA5 75638,5908,524
8600000US75639,75639,ZCTA5 75639,2790,514
8600000US75640,75640,ZCTA5 75640,5020,757
8600000US75641,75641,ZCTA5 75641,126,82
8600000US75642,75642,ZCTA5 75642,27,43
8600000US75643,75643,ZCTA5 75643,2462,355
8600000US75644,75644,ZCTA5 75644,12579,776
8600000US75645,75645,ZCTA5 75645,10253,905
8600000US75647,75647,ZCTA5 75647,12459,879
8600000US75650,75650,ZCTA5 75650,8858,745
8600000US75651,75651,ZCTA5 75651,2192,767
8600000US75652,75652,ZCTA5 75652,17061,913
8600000US75654,75654,ZCTA5 75654,12299,909
8600000US75656,75656,ZCTA5 75656,4601,470
8600000US75657,75657,ZCTA5 75657,8139,522
8600000US75661,75661,ZCTA5 75661,3043,766
8600000US75662,75662,ZCTA5 75662,26009,965
8600000US75667,75667,ZCTA5 75667,1072,206
8600000US75668,75668,ZCTA5 75668,2005,429
8600000US75669,75669,ZCTA5 75669,613,250
8600000US75670,75670,ZCTA5 75670,17537,839
8600000US75672,75672,ZCTA5 75672,16252,858
8600000US75681,75681,ZCTA5 75681,2299,328
8600000US75682,75682,ZCTA5 75682,519,139
8600000US75683,75683,ZCTA5 75683,3811,648
8600000US75684,75684,ZCTA5 75684,7750,699
8600000US75686,75686,ZCTA5 75686,13047,428
8600000US75691,75691,ZCTA5 75691,3006,444
8600000US75692,75692,ZCTA5 75692,5078,744
8600000US75693,75693,ZCTA5 75693,6973,267
8600000US75701,75701,ZCTA5 75701,34876,1180
8600000US75702,75702,ZCTA5 75702,28270,1483
8600000US75703,75703,ZCTA5 75703,40868,1528
8600000US75704,75704,ZCTA5 75704,9974,957
8600000US75705,75705,ZCTA5 75705,2591,697
8600000US75706,75706,ZCTA5 75706,9793,1469
8600000US75707,75707,ZCTA5 75707,14565,1344
8600000US75708,75708,ZCTA5 75708,7709,1209
8600000US75709,75709,ZCTA5 75709,5046,693
8600000US75750,75750,ZCTA5 75750,3695,693
8600000US75751,75751,ZCTA5 75751,16715,733
8600000US75752,75752,ZCTA5 75752,7445,840
8600000US75754,75754,ZCTA5 75754,6506,810
8600000US75755,75755,ZCTA5 75755,5150,691
8600000US75756,75756,ZCTA5 75756,4873,577
8600000US75757,75757,ZCTA5 75757,12166,1127
8600000US75758,75758,ZCTA5 75758,8100,754
8600000US75759,75759,ZCTA5 75759,39,32
8600000US75760,75760,ZCTA5 75760,2429,457
8600000US75762,75762,ZCTA5 75762,12986,1271
8600000US75763,75763,ZCTA5 75763,6286,585
8600000US75764,75764,ZCTA5 75764,234,90
8600000US75765,75765,ZCTA5 75765,7751,616
8600000US75766,75766,ZCTA5 75766,26671,752
8600000US75770,75770,ZCTA5 75770,3364,524
8600000US75771,75771,ZCTA5 75771,21078,1331
8600000US75773,75773,ZCTA5 75773,12927,834
8600000US75778,75778,ZCTA5 75778,3167,622
8600000US75779,75779,ZCTA5 75779,160,126
8600000US75780,75780,ZCTA5 75780,226,129
8600000US75783,75783,ZCTA5 75783,7559,668
8600000US75784,75784,ZCTA5 75784,829,306
8600000US75785,75785,ZCTA5 75785,10909,622
8600000US75788,75788,ZCTA5 75788,102,126
8600000US75789,75789,ZCTA5 75789,7501,767
8600000US75790,75790,ZCTA5 75790,4600,551
8600000US75791,75791,ZCTA5 75791,13268,778
8600000US75792,75792,ZCTA5 75792,2562,576
8600000US75801,75801,ZCTA5 75801,15615,1057
8600000US75803,75803,ZCTA5 75803,22903,1087
8600000US75831,75831,ZCTA5 75831,5746,813
8600000US75832,75832,ZCTA5 75832,124,196
8600000US75833,75833,ZCTA5 75833,3462,600
8600000US75835,75835,ZCTA5 75835,10924,487
8600000US75838,75838,ZCTA5 75838,638,214
8600000US75839,75839,ZCTA5 75839,5192,666
8600000US75840,75840,ZCTA5 75840,6950,578
8600000US75844,75844,ZCTA5 75844,6340,532
8600000US75845,75845,ZCTA5 75845,3208,374
8600000US75846,75846,ZCTA5 75846,2875,582
8600000US75847,75847,ZCTA5 75847,1783,326
8600000US75848,75848,ZCTA5 75848,108,63
8600000US75849,75849,ZCTA5 75849,85,51
8600000US75850,75850,ZCTA5 75850,959,430
8600000US75851,75851,ZCTA5 75851,4834,408
8600000US75852,75852,ZCTA5 75852,4889,289
8600000US75853,75853,ZCTA5 75853,809,234
8600000US75855,75855,ZCTA5 75855,2463,436
8600000US75856,75856,ZCTA5 75856,121,124
8600000US75858,75858,ZCTA5 75858,14,19
8600000US75859,75859,ZCTA5 75859,1657,342
8600000US75860,75860,ZCTA5 75860,6415,363
8600000US75861,75861,ZCTA5 75861,8780,602
8600000US75862,75862,ZCTA5 75862,9863,491
8600000US75901,75901,ZCTA5 75901,31647,1172
8600000US75904,75904,ZCTA5 75904,33820,1098
8600000US75925,75925,ZCTA5 75925,4099,426
8600000US75926,75926,ZCTA5 75926,1121,244
8600000US75928,75928,ZCTA5 75928,726,320
8600000US75929,75929,ZCTA5 75929,1860,326
8600000US75930,75930,ZCTA5 75930,1909,364
8600000US75931,75931,ZCTA5 75931,2189,462
8600000US75932,75932,ZCTA5 75932,1833,387
8600000US75933,75933,ZCTA5 75933,1139,380
8600000US75934,75934,ZCTA5 75934,138,100
8600000US75935,75935,ZCTA5 75935,13955,595
8600000US75936,75936,ZCTA5 75936,842,230
8600000US75937,75937,ZCTA5 75937,987,234
8600000US75938,75938,ZCTA5 75938,2686,419
8600000US75939,75939,ZCTA5 75939,4939,492
8600000US75941,75941,ZCTA5 75941,8974,529
8600000US75942,75942,ZCTA5 75942,198,133
8600000US75943,75943,ZCTA5 75943,1349,297
8600000US75944,75944,ZCTA5 75944,1409,239
8600000US75946,75946,ZCTA5 75946,3209,304
8600000US75948,75948,ZCTA5 75948,6037,476
8600000US75949,75949,ZCTA5 75949,7376,743
8600000US75951,75951,ZCTA5 75951,16072,787
8600000US75954,75954,ZCTA5 75954,3079,473
8600000US75956,75956,ZCTA5 75956,8533,906
8600000US75959,75959,ZCTA5 75959,742,284
8600000US75960,75960,ZCTA5 75960,857,302
8600000US75961,75961,ZCTA5 75961,15484,1025
8600000US75962,75962,ZCTA5 75962,3204,367
8600000US75964,75964,ZCTA5 75964,19086,982
8600000US75965,75965,ZCTA5 75965,18811,976
8600000US75966,75966,ZCTA5 75966,5287,594
8600000US75968,75968,ZCTA5 75968,1883,356
8600000US75969,75969,ZCTA5 75969,3726,559
8600000US75972,75972,ZCTA5 75972,6040,357
8600000US75973,75973,ZCTA5 75973,2470,350
8600000US75974,75974,ZCTA5 75974,3245,437
8600000US75975,75975,ZCTA5 75975,3727,527
8600000US75976,75976,ZCTA5 75976,806,187
8600000US75977,75977,ZCTA5 75977,471,210
8600000US75978,75978,ZCTA5 75978,145,96
8600000US75979,75979,ZCTA5 75979,12384,824
8600000US75980,75980,ZCTA5 75980,2500,355
8600000US76001,76001,ZCTA5 76001,31829,1349
8600000US76002,76002,ZCTA5 76002,36569,2595
8600000US76006,76006,ZCTA5 76006,23259,1154
8600000US76008,76008,ZCTA5 76008,16334,984
8600000US76009,76009,ZCTA5 76009,21049,1358
8600000US76010,76010,ZCTA5 76010,57813,1887
8600000US76011,76011,ZCTA5 76011,22953,974
8600000US76012,76012,ZCTA5 76012,26571,1202
8600000US76013,76013,ZCTA5 76013,33169,1211
8600000US76014,76014,ZCTA5 76014,35235,1512
8600000US76015,76015,ZCTA5 76015,16464,807
8600000US76016,76016,ZCTA5 76016,30808,1064
8600000US76017,76017,ZCTA5 76017,47010,1351
8600000US76018,76018,ZCTA5 76018,31416,2173
8600000US76020,76020,ZCTA5 76020,27714,1246
8600000US76021,76021,ZCTA5 76021,35903,790
8600000US76022,76022,ZCTA5 76022,13059,790
8600000US76023,76023,ZCTA5 76023,5930,857
8600000US76028,76028,ZCTA5 76028,67388,1204
8600000US76031,76031,ZCTA5 76031,18050,1204
8600000US76033,76033,ZCTA5 76033,25190,748
8600000US76034,76034,ZCTA5 76034,25557,46
8600000US76035,76035,ZCTA5 76035,1466,354
8600000US76036,76036,ZCTA5 76036,25736,1153
8600000US76039,76039,ZCTA5 76039,33750,1019
8600000US76040,76040,ZCTA5 76040,32301,1466
8600000US76041,76041,ZCTA5 76041,331,269
8600000US76043,76043,ZCTA5 76043,7509,339
8600000US76044,76044,ZCTA5 76044,3799,319
8600000US76048,76048,ZCTA5 76048,23702,1115
8600000US76049,76049,ZCTA5 76049,27889,1132
8600000US76050,76050,ZCTA5 76050,5747,737
8600000US76051,76051,ZCTA5 76051,51685,110
8600000US76052,76052,ZCTA5 76052,20779,1823
8600000US76053,76053,ZCTA5 76053,30567,991
8600000US76054,76054,ZCTA5 76054,11948,539
8600000US76055,76055,ZCTA5 76055,2643,279
8600000US76058,76058,ZCTA5 76058,18068,854
8600000US76059,76059,ZCTA5 76059,5211,407
8600000US76060,76060,ZCTA5 76060,7638,247
8600000US76061,76061,ZCTA5 76061,84,122
8600000US76063,76063,ZCTA5 76063,69146,855
8600000US76064,76064,ZCTA5 76064,1790,369
8600000US76065,76065,ZCTA5 76065,34291,870
8600000US76066,76066,ZCTA5 76066,3193,603
8600000US76067,76067,ZCTA5 76067,20561,553
8600000US76070,76070,ZCTA5 76070,731,296
8600000US76071,76071,ZCTA5 76071,4069,476
8600000US76073,76073,ZCTA5 76073,6155,652
8600000US76077,76077,ZCTA5 76077,419,167
8600000US76078,76078,ZCTA5 76078,10366,958
8600000US76082,76082,ZCTA5 76082,18030,1186
8600000US76084,76084,ZCTA5 76084,8456,761
8600000US76085,76085,ZCTA5 76085,10747,1129
8600000US76086,76086,ZCTA5 76086,22311,612
8600000US76087,76087,ZCTA5 76087,26889,1630
8600000US76088,76088,ZCTA5 76088,11854,1063
8600000US76092,76092,ZCTA5 76092,30138,377
8600000US76093,76093,ZCTA5 76093,1680,401
8600000US76102,76102,ZCTA5 76102,9803,609
8600000US76103,76103,ZCTA5 76103,13689,905
8600000US76104,76104,ZCTA5 76104,18199,949
8600000US76105,76105,ZCTA5 76105,21661,1186
8600000US76106,76106,ZCTA5 76106,39218,1720
8600000US76107,76107,ZCTA5 76107,30110,1071
8600000US76108,76108,ZCTA5 76108,41418,1153
8600000US76109,76109,ZCTA5 76109,22448,1098
8600000US76110,76110,ZCTA5 76110,31118,1241
8600000US76111,76111,ZCTA5 76111,22456,1009
8600000US76112,76112,ZCTA5 76112,41448,1599
8600000US76114,76114,ZCTA5 76114,25647,767
8600000US76115,76115,ZCTA5 76115,20485,1176
8600000US76116,76116,ZCTA5 76116,49789,2087
8600000US76117,76117,ZCTA5 76117,31298,1320
8600000US76118,76118,ZCTA5 76118,16318,929
8600000US76119,76119,ZCTA5 76119,48380,1930
8600000US76120,76120,ZCTA5 76120,19041,1269
8600000US76123,76123,ZCTA5 76123,32131,1306
8600000US76126,76126,ZCTA5 76126,21355,722
8600000US76127,76127,ZCTA5 76127,2048,272
8600000US76129,76129,ZCTA5 76129,2983,294
8600000US76131,76131,ZCTA5 76131,37868,2341
8600000US76132,76132,ZCTA5 76132,26405,1035
8600000US76133,76133,ZCTA5 76133,51022,1641
8600000US76134,76134,ZCTA5 76134,26581,1504
8600000US76135,76135,ZCTA5 76135,23845,1783
8600000US76137,76137,ZCTA5 76137,60065,1662
8600000US76140,76140,ZCTA5 76140,30643,1605
8600000US76148,76148,ZCTA5 76148,23819,648
8600000US76155,76155,ZCTA5 76155,5289,413
8600000US76164,76164,ZCTA5 76164,16091,1116
8600000US76177,76177,ZCTA5 76177,7907,1020
8600000US76179,76179,ZCTA5 76179,57204,1767
8600000US76180,76180,ZCTA5 76180,36385,973
8600000US76182,76182,ZCTA5 76182,31227,830
8600000US76201,76201,ZCTA5 76201,28038,908
8600000US76205,76205,ZCTA5 76205,20992,1200
8600000US76207,76207,ZCTA5 76207,14221,946
8600000US76208,76208,ZCTA5 76208,23463,1178
8600000US76209,76209,ZCTA5 76209,24667,1233
8600000US76210,76210,ZCTA5 76210,44044,1382
8600000US76225,76225,ZCTA5 76225,3313,450
8600000US76226,76226,ZCTA5 76226,25037,1009
8600000US76227,76227,ZCTA5 76227,29616,944
8600000US76228,76228,ZCTA5 76228,1027,174
8600000US76230,76230,ZCTA5 76230,9538,526
8600000US76233,76233,ZCTA5 76233,3490,606
8600000US76234,76234,ZCTA5 76234,15341,624
8600000US76238,76238,ZCTA5 76238,400,155
8600000US76239,76239,ZCTA5 76239,1263,248
8600000US76240,76240,ZCTA5 76240,27123,718
8600000US76244,76244,ZCTA5 76244,74414,2518
8600000US76245,76245,ZCTA5 76245,1869,355
8600000US76247,76247,ZCTA5 76247,14009,858
8600000US76248,76248,ZCTA5 76248,39131,640
8600000US76249,76249,ZCTA5 76249,8516,605
8600000US76250,76250,ZCTA5 76250,1011,174
8600000US76251,76251,ZCTA5 76251,658,134
8600000US76252,76252,ZCTA5 76252,2622,256
8600000US76253,76253,ZCTA5 76253,313,147
8600000US76255,76255,ZCTA5 76255,5369,302
8600000US76258,76258,ZCTA5 76258,6820,523
8600000US76259,76259,ZCTA5 76259,4890,833
8600000US76261,76261,ZCTA5 76261,310,112
8600000US76262,76262,ZCTA5 76262,34422,1310
8600000US76263,76263,ZCTA5 76263,58,50
8600000US76264,76264,ZCTA5 76264,1541,385
8600000US76265,76265,ZCTA5 76265,1806,287
8600000US76266,76266,ZCTA5 76266,15439,664
8600000US76268,76268,ZCTA5 76268,277,116
8600000US76270,76270,ZCTA5 76270,1797,418
8600000US76271,76271,ZCTA5 76271,1626,400
8600000US76272,76272,ZCTA5 76272,4256,717
8600000US76273,76273,ZCTA5 76273,9245,1015
8600000US76301,76301,ZCTA5 76301,15632,957
8600000US76302,76302,ZCTA5 76302,13725,706
8600000US76305,76305,ZCTA5 76305,4264,360
8600000US76306,76306,ZCTA5 76306,15099,883
8600000US76308,76308,ZCTA5 76308,19361,816
8600000US76309,76309,ZCTA5 76309,12939,831
8600000US76310,76310,ZCTA5 76310,17720,963
8600000US76311,76311,ZCTA5 76311,8501,919
8600000US76351,76351,ZCTA5 76351,1853,278
8600000US76354,76354,ZCTA5 76354,12085,331
8600000US76357,76357,ZCTA5 76357,662,170
8600000US76360,76360,ZCTA5 76360,3561,301
8600000US76363,76363,ZCTA5 76363,433,118
8600000US76364,76364,ZCTA5 76364,143,44
8600000US76365,76365,ZCTA5 76365,4395,218
8600000US76366,76366,ZCTA5 76366,2102,264
8600000US76367,76367,ZCTA5 76367,14963,592
8600000US76370,76370,ZCTA5 76370,252,92
8600000US76371,76371,ZCTA5 76371,1557,211
8600000US76372,76372,ZCTA5 76372,1409,342
8600000US76373,76373,ZCTA5 76373,198,127
8600000US76374,76374,ZCTA5 76374,3917,249
8600000US76377,76377,ZCTA5 76377,820,183
8600000US76379,76379,ZCTA5 76379,616,167
8600000US76380,76380,ZCTA5 76380,3633,22
8600000US76384,76384,ZCTA5 76384,12385,205
8600000US76388,76388,ZCTA5 76388,318,107
8600000US76389,76389,ZCTA5 76389,1387,262
8600000US76401,76401,ZCTA5 76401,29478,692
8600000US76402,76402,ZCTA5 76402,831,188
8600000US76424,76424,ZCTA5 76424,8794,220
8600000US76426,76426,ZCTA5 76426,12453,852
8600000US76427,76427,ZCTA5 76427,1021,290
8600000US76429,76429,ZCTA5 76429,158,95
8600000US76430,76430,ZCTA5 76430,2428,184
8600000US76431,76431,ZCTA5 76431,2931,526
8600000US76432,76432,ZCTA5 76432,1152,174
8600000US76433,76433,ZCTA5 76433,1514,308
8600000US76435,76435,ZCTA5 76435,453,136
8600000US76436,76436,ZCTA5 76436,234,137
8600000US76437,76437,ZCTA5 76437,5401,517
8600000US76442,76442,ZCTA5 76442,7496,469
8600000US76443,76443,ZCTA5 76443,2316,354
8600000US76444,76444,ZCTA5 76444,3472,364
8600000US76445,76445,ZCTA5 76445,322,151
8600000US76446,76446,ZCTA5 76446,8105,759
8600000US76448,76448,ZCTA5 76448,5224,389
8600000US76449,76449,ZCTA5 76449,2427,317
8600000US76450,76450,ZCTA5 76450,12885,468
8600000US76452,76452,ZCTA5 76452,95,72
8600000US76453,76453,ZCTA5 76453,1357,225
8600000US76454,76454,ZCTA5 76454,1560,296
8600000US76455,76455,ZCTA5 76455,1249,270
8600000US76457,76457,ZCTA5 76457,4102,343
8600000US76458,76458,ZCTA5 76458,5913,235
8600000US76459,76459,ZCTA5 76459,175,83
8600000US76460,76460,ZCTA5 76460,419,206
8600000US76462,76462,ZCTA5 76462,3102,592
8600000US76463,76463,ZCTA5 76463,380,104
8600000US76464,76464,ZCTA5 76464,587,146
8600000US76466,76466,ZCTA5 76466,107,131
8600000US76469,76469,ZCTA5 76469,68,45
8600000US76470,76470,ZCTA5 76470,3820,464
8600000US76471,76471,ZCTA5 76471,2275,371
8600000US76472,76472,ZCTA5 76472,1507,355
8600000US76474,76474,ZCTA5 76474,223,64
8600000US76475,76475,ZCTA5 76475,909,181
8600000US76476,76476,ZCTA5 76476,2718,408
8600000US76481,76481,ZCTA5 76481,222,238
8600000US76483,76483,ZCTA5 76483,972,114
8600000US76484,76484,ZCTA5 76484,926,295
8600000US76486,76486,ZCTA5 76486,1040,255
8600000US76487,76487,ZCTA5 76487,2704,580
8600000US76490,76490,ZCTA5 76490,67,49
8600000US76491,76491,ZCTA5 76491,341,81
8600000US76501,76501,ZCTA5 76501,17571,979
8600000US76502,76502,ZCTA5 76502,38571,1239
8600000US76504,76504,ZCTA5 76504,23368,1095
8600000US76508,76508,ZCTA5 76508,10,19
8600000US76511,76511,ZCTA5 76511,2869,430
8600000US76513,76513,ZCTA5 76513,38124,1395
8600000US76518,76518,ZCTA5 76518,1408,387
8600000US76519,76519,ZCTA5 76519,457,250
8600000US76520,76520,ZCTA5 76520,8124,410
8600000US76522,76522,ZCTA5 76522,36581,622
8600000US76523,76523,ZCTA5 76523,0,13
8600000US76524,76524,ZCTA5 76524,3359,489
8600000US76525,76525,ZCTA5 76525,1051,194
8600000US76527,76527,ZCTA5 76527,3886,516
8600000US76528,76528,ZCTA5 76528,16708,721
8600000US76530,76530,ZCTA5 76530,2190,282
8600000US76531,76531,ZCTA5 76531,4632,244
8600000US76534,76534,ZCTA5 76534,2927,500
8600000US76537,76537,ZCTA5 76537,4921,476
8600000US76538,76538,ZCTA5 76538,734,180
8600000US76539,76539,ZCTA5 76539,8530,705
8600000US76541,76541,ZCTA5 76541,18447,1223
8600000US76542,76542,ZCTA5 76542,50324,1744
8600000US76543,76543,ZCTA5 76543,29256,1401
8600000US76544,76544,ZCTA5 76544,26637,1339
8600000US76548,76548,ZCTA5 76548,29595,352
8600000US76549,76549,ZCTA5 76549,48970,1825
8600000US76550,76550,ZCTA5 76550,12517,462
8600000US76554,76554,ZCTA5 76554,2285,355
8600000US76556,76556,ZCTA5 76556,1281,209
8600000US76557,76557,ZCTA5 76557,4783,651
8600000US76559,76559,ZCTA5 76559,5534,310
8600000US76561,76561,ZCTA5 76561,1007,162
8600000US76565,76565,ZCTA5 76565,72,46
8600000US76566,76566,ZCTA5 76566,330,139
8600000US76567,76567,ZCTA5 76567,9098,433
8600000US76569,76569,ZCTA5 76569,2250,344
8600000US76570,76570,ZCTA5 76570,2909,404
8600000US76571,76571,ZCTA5 76571,7200,780
8600000US76573,76573,ZCTA5 76573,22,26
8600000US76574,76574,ZCTA5 76574,18939,398
8600000US76577,76577,ZCTA5 76577,3311,340
8600000US76578,76578,ZCTA5 76578,1422,232
8600000US76579,76579,ZCTA5 76579,4672,581
8600000US76596,76596,ZCTA5 76596,1319,154
8600000US76597,76597,ZCTA5 76597,2816,253
8600000US76598,76598,ZCTA5 76598,505,114
8600000US76599,76599,ZCTA5 76599,2057,256
8600000US76621,76621,ZCTA5 76621,907,132
8600000US76622,76622,ZCTA5 76622,1110,260
8600000US76623,76623,ZCTA5 76623,144,80
8600000US76624,76624,ZCTA5 76624,2065,315
8600000US76626,76626,ZCTA5 76626,1312,300
8600000US76627,76627,ZCTA5 76627,1612,332
8600000US76628,76628,ZCTA5 76628,26,17
8600000US76629,76629,ZCTA5 76629,1686,288
8600000US76630,76630,ZCTA5 76630,1124,518
8600000US76631,76631,ZCTA5 76631,555,143
8600000US76632,76632,ZCTA5 76632,1537,315
8600000US76633,76633,ZCTA5 76633,5346,437
8600000US76634,76634,ZCTA5 76634,7068,324
8600000US76635,76635,ZCTA5 76635,1219,272
8600000US76636,76636,ZCTA5 76636,1330,233
8600000US76637,76637,ZCTA5 76637,629,177
8600000US76638,76638,ZCTA5 76638,3081,381
8600000US76639,76639,ZCTA5 76639,1341,227
8600000US76640,76640,ZCTA5 76640,2816,533
8600000US76641,76641,ZCTA5 76641,1768,251
8600000US76642,76642,ZCTA5 76642,7025,382
8600000US76643,76643,ZCTA5 76643,14253,47
8600000US76645,76645,ZCTA5 76645,10477,305
8600000US76648,76648,ZCTA5 76648,2762,345
8600000US76649,76649,ZCTA5 76649,701,145
8600000US76650,76650,ZCTA5 76650,172,81
8600000US76651,76651,ZCTA5 76651,3232,325
8600000US76652,76652,ZCTA5 76652,1210,322
8600000US76653,76653,ZCTA5 76653,902,226
8600000US76654,76654,ZCTA5 76654,178,68
8600000US76655,76655,ZCTA5 76655,8530,579
8600000US76656,76656,ZCTA5 76656,2440,282
8600000US76657,76657,ZCTA5 76657,9663,566
8600000US76660,76660,ZCTA5 76660,530,127
8600000US76661,76661,ZCTA5 76661,8108,305
8600000US76664,76664,ZCTA5 76664,3494,298
8600000US76665,76665,ZCTA5 76665,2399,269
8600000US76666,76666,ZCTA5 76666,259,68
8600000US76667,76667,ZCTA5 76667,11261,509
8600000US76670,76670,ZCTA5 76670,1524,255
8600000US76671,76671,ZCTA5 76671,1792,229
8600000US76673,76673,ZCTA5 76673,1620,423
8600000US76676,76676,ZCTA5 76676,268,94
8600000US76678,76678,ZCTA5 76678,362,132
8600000US76679,76679,ZCTA5 76679,1380,258
8600000US76680,76680,ZCTA5 76680,302,150
8600000US76681,76681,ZCTA5 76681,676,258
8600000US76682,76682,ZCTA5 76682,2702,344
8600000US76685,76685,ZCTA5 76685,17,25
8600000US76686,76686,ZCTA5 76686,209,66
8600000US76687,76687,ZCTA5 76687,1934,368
8600000US76689,76689,ZCTA5 76689,3715,419
8600000US76690,76690,ZCTA5 76690,984,184
8600000US76691,76691,ZCTA5 76691,6524,476
8600000US76692,76692,ZCTA5 76692,10577,643
8600000US76693,76693,ZCTA5 76693,1604,273
8600000US76701,76701,ZCTA5 76701,1906,387
8600000US76704,76704,ZCTA5 76704,7825,1029
8600000US76705,76705,ZCTA5 76705,30546,991
8600000US76706,76706,ZCTA5 76706,36680,1287
8600000US76707,76707,ZCTA5 76707,16256,1195
8600000US76708,76708,ZCTA5 76708,27160,1198
8600000US76710,76710,ZCTA5 76710,24415,1055
8600000US76711,76711,ZCTA5 76711,9671,791
8600000US76712,76712,ZCTA5 76712,25350,1055
8600000US76798,76798,ZCTA5 76798,1599,319
8600000US76801,76801,ZCTA5 76801,24918,512
8600000US76802,76802,ZCTA5 76802,5010,309
8600000US76820,76820,ZCTA5 76820,107,56
8600000US76821,76821,ZCTA5 76821,4595,193
8600000US76823,76823,ZCTA5 76823,3348,378
8600000US76824,76824,ZCTA5 76824,15,22
8600000US76825,76825,ZCTA5 76825,6891,201
8600000US76827,76827,ZCTA5 76827,402,114
8600000US76828,76828,ZCTA5 76828,211,110
8600000US76831,76831,ZCTA5 76831,39,63
8600000US76832,76832,ZCTA5 76832,691,156
8600000US76834,76834,ZCTA5 76834,5349,131
8600000US76836,76836,ZCTA5 76836,9,14
8600000US76837,76837,ZCTA5 76837,2901,173
8600000US76841,76841,ZCTA5 76841,25,22
8600000US76842,76842,ZCTA5 76842,213,143
8600000US76844,76844,ZCTA5 76844,3719,168
8600000US76845,76845,ZCTA5 76845,154,79
8600000US76848,76848,ZCTA5 76848,70,44
8600000US76849,76849,ZCTA5 76849,3884,161
8600000US76852,76852,ZCTA5 76852,191,59
8600000US76853,76853,ZCTA5 76853,1575,290
8600000US76854,76854,ZCTA5 76854,238,106
8600000US76856,76856,ZCTA5 76856,3684,175
8600000US76857,76857,ZCTA5 76857,1733,221
8600000US76858,76858,ZCTA5 76858,335,117
8600000US76859,76859,ZCTA5 76859,1967,65
8600000US76861,76861,ZCTA5 76861,1992,242
8600000US76862,76862,ZCTA5 76862,186,88
8600000US76864,76864,ZCTA5 76864,700,140
8600000US76865,76865,ZCTA5 76865,107,71
8600000US76866,76866,ZCTA5 76866,696,152
8600000US76869,76869,ZCTA5 76869,122,99
8600000US76870,76870,ZCTA5 76870,297,107
8600000US76871,76871,ZCTA5 76871,723,162
8600000US76872,76872,ZCTA5 76872,851,186
8600000US76873,76873,ZCTA5 76873,41,21
8600000US76874,76874,ZCTA5 76874,40,52
8600000US76875,76875,ZCTA5 76875,551,131
8600000US76877,76877,ZCTA5 76877,4187,193
8600000US76878,76878,ZCTA5 76878,1920,190
8600000US76882,76882,ZCTA5 76882,259,84
8600000US76884,76884,ZCTA5 76884,148,70
8600000US76885,76885,ZCTA5 76885,184,212
8600000US76887,76887,ZCTA5 76887,95,77
8600000US76888,76888,ZCTA5 76888,137,58
8600000US76890,76890,ZCTA5 76890,1015,180
8600000US76901,76901,ZCTA5 76901,29879,1217
8600000US76903,76903,ZCTA5 76903,32103,1300
8600000US76904,76904,ZCTA5 76904,34828,1365
8600000US76905,76905,ZCTA5 76905,13129,829
8600000US76908,76908,ZCTA5 76908,2652,923
8600000US76930,76930,ZCTA5 76930,110,55
8600000US76932,76932,ZCTA5 76932,3744,69
8600000US76933,76933,ZCTA5 76933,1344,151
8600000US76934,76934,ZCTA5 76934,1308,299
8600000US76935,76935,ZCTA5 76935,1736,412
8600000US76936,76936,ZCTA5 76936,3122,*****
8600000US76937,76937,ZCTA5 76937,54,39
8600000US76939,76939,ZCTA5 76939,8,13
8600000US76940,76940,ZCTA5 76940,164,105
8600000US76941,76941,ZCTA5 76941,1430,152
8600000US76943,76943,ZCTA5 76943,3693,213
8600000US76945,76945,ZCTA5 76945,1647,148
8600000US76949,76949,ZCTA5 76949,16,13
8600000US76950,76950,ZCTA5 76950,3915,24
8600000US76951,76951,ZCTA5 76951,1139,158
8600000US76953,76953,ZCTA5 76953,38,34
8600000US76955,76955,ZCTA5 76955,148,116
8600000US76957,76957,ZCTA5 76957,0,13
8600000US76958,76958,ZCTA5 76958,158,88
8600000US77002,77002,ZCTA5 77002,12370,1216
8600000US77003,77003,ZCTA5 77003,9646,717
8600000US77004,77004,ZCTA5 77004,37642,1454
8600000US77005,77005,ZCTA5 77005,28233,624
8600000US77006,77006,ZCTA5 77006,21945,993
8600000US77007,77007,ZCTA5 77007,35822,1445
8600000US77008,77008,ZCTA5 77008,34491,1303
8600000US77009,77009,ZCTA5 77009,37751,1484
8600000US77010,77010,ZCTA5 77010,915,179
8600000US77011,77011,ZCTA5 77011,18598,1474
8600000US77012,77012,ZCTA5 77012,20085,1176
8600000US77013,77013,ZCTA5 77013,20790,1227
8600000US77014,77014,ZCTA5 77014,35729,1960
8600000US77015,77015,ZCTA5 77015,57258,2181
8600000US77016,77016,ZCTA5 77016,29597,1568
8600000US77017,77017,ZCTA5 77017,32556,1225
8600000US77018,77018,ZCTA5 77018,28073,1195
8600000US77019,77019,ZCTA5 77019,21572,929
8600000US77020,77020,ZCTA5 77020,25898,1293
8600000US77021,77021,ZCTA5 77021,26654,1337
8600000US77022,77022,ZCTA5 77022,27364,1671
8600000US77023,77023,ZCTA5 77023,28528,1140
8600000US77024,77024,ZCTA5 77024,38110,1010
8600000US77025,77025,ZCTA5 77025,28922,1113
8600000US77026,77026,ZCTA5 77026,22799,1406
8600000US77027,77027,ZCTA5 77027,16012,1025
8600000US77028,77028,ZCTA5 77028,15725,973
8600000US77029,77029,ZCTA5 77029,17894,909
8600000US77030,77030,ZCTA5 77030,10813,837
8600000US77031,77031,ZCTA5 77031,18052,1360
8600000US77032,77032,ZCTA5 77032,14443,1232
8600000US77033,77033,ZCTA5 77033,29692,1214
8600000US77034,77034,ZCTA5 77034,40183,1893
8600000US77035,77035,ZCTA5 77035,38324,1634
8600000US77036,77036,ZCTA5 77036,76605,2275
8600000US77037,77037,ZCTA5 77037,20038,1506
8600000US77038,77038,ZCTA5 77038,30653,1559
8600000US77039,77039,ZCTA5 77039,27972,1358
8600000US77040,77040,ZCTA5 77040,48273,1761
8600000US77041,77041,ZCTA5 77041,35372,1258
8600000US77042,77042,ZCTA5 77042,42098,1654
8600000US77043,77043,ZCTA5 77043,25838,1162
8600000US77044,77044,ZCTA5 77044,42665,1911
8600000US77045,77045,ZCTA5 77045,36270,1612
8600000US77046,77046,ZCTA5 77046,1029,263
8600000US77047,77047,ZCTA5 77047,29410,1583
8600000US77048,77048,ZCTA5 77048,17143,1175
8600000US77049,77049,ZCTA5 77049,33749,1504
8600000US77050,77050,ZCTA5 77050,5031,694
8600000US77051,77051,ZCTA5 77051,16661,1587
8600000US77053,77053,ZCTA5 77053,31868,1810
8600000US77054,77054,ZCTA5 77054,22517,1455
8600000US77055,77055,ZCTA5 77055,45003,1511
8600000US77056,77056,ZCTA5 77056,21732,1149
8600000US77057,77057,ZCTA5 77057,40130,1533
8600000US77058,77058,ZCTA5 77058,16669,862
8600000US77059,77059,ZCTA5 77059,17374,701
8600000US77060,77060,ZCTA5 77060,44549,1768
8600000US77061,77061,ZCTA5 77061,26276,1450
8600000US77062,77062,ZCTA5 77062,26583,1143
8600000US77063,77063,ZCTA5 77063,38931,1580
8600000US77064,77064,ZCTA5 77064,49578,1922
8600000US77065,77065,ZCTA5 77065,38820,1591
8600000US77066,77066,ZCTA5 77066,33796,1009
8600000US77067,77067,ZCTA5 77067,33489,1138
8600000US77068,77068,ZCTA5 77068,10897,909
8600000US77069,77069,ZCTA5 77069,18238,877
8600000US77070,77070,ZCTA5 77070,51080,1890
8600000US77071,77071,ZCTA5 77071,27981,1369
8600000US77072,77072,ZCTA5 77072,62162,2606
8600000US77073,77073,ZCTA5 77073,42780,1802
8600000US77074,77074,ZCTA5 77074,39915,1718
8600000US77075,77075,ZCTA5 77075,43586,1834
8600000US77076,77076,ZCTA5 77076,35144,1708
8600000US77077,77077,ZCTA5 77077,57757,2109
8600000US77078,77078,ZCTA5 77078,15820,1414
8600000US77079,77079,ZCTA5 77079,33577,1761
8600000US77080,77080,ZCTA5 77080,45665,2033
8600000US77081,77081,ZCTA5 77081,49059,1836
8600000US77082,77082,ZCTA5 77082,56641,2066
8600000US77083,77083,ZCTA5 77083,79408,2582
8600000US77084,77084,ZCTA5 77084,104582,3089
8600000US77085,77085,ZCTA5 77085,17981,962
8600000US77086,77086,ZCTA5 77086,29506,1279
8600000US77087,77087,ZCTA5 77087,37200,1692
8600000US77088,77088,ZCTA5 77088,56716,2291
8600000US77089,77089,ZCTA5 77089,52699,1658
8600000US77090,77090,ZCTA5 77090,38361,1807
8600000US77091,77091,ZCTA5 77091,25277,1346
8600000US77092,77092,ZCTA5 77092,38476,1870
8600000US77093,77093,ZCTA5 77093,44428,1712
8600000US77094,77094,ZCTA5 77094,9439,459
8600000US77095,77095,ZCTA5 77095,72081,2136
8600000US77096,77096,ZCTA5 77096,35465,1406
8600000US77098,77098,ZCTA5 77098,13444,795
8600000US77099,77099,ZCTA5 77099,51905,2633
8600000US77201,77201,ZCTA5 77201,0,13
8600000US77301,77301,ZCTA5 77301,31801,1355
8600000US77302,77302,ZCTA5 77302,19311,1435
8600000US77303,77303,ZCTA5 77303,19695,1378
8600000US77304,77304,ZCTA5 77304,28692,1628
8600000US77306,77306,ZCTA5 77306,11453,1696
8600000US77316,77316,ZCTA5 77316,21272,1535
8600000US77318,77318,ZCTA5 77318,15437,1392
8600000US77320,77320,ZCTA5 77320,35670,1578
8600000US77326,77326,ZCTA5 77326,15,22
8600000US77327,77327,ZCTA5 77327,22430,1223
8600000US77328,77328,ZCTA5 77328,15863,1515
8600000US77331,77331,ZCTA5 77331,7667,772
8600000US77334,77334,ZCTA5 77334,286,294
8600000US77335,77335,ZCTA5 77335,2519,478
8600000US77336,77336,ZCTA5 77336,12397,1023
8600000US77338,77338,ZCTA5 77338,40335,1739
8600000US77339,77339,ZCTA5 77339,41403,1253
8600000US77340,77340,ZCTA5 77340,29900,1699
8600000US77342,77342,ZCTA5 77342,0,13
8600000US77345,77345,ZCTA5 77345,29090,834
8600000US77346,77346,ZCTA5 77346,63233,1901
8600000US77350,77350,ZCTA5 77350,173,117
8600000US77351,77351,ZCTA5 77351,33199,779
8600000US77354,77354,ZCTA5 77354,35904,2031
8600000US77355,77355,ZCTA5 77355,27271,1283
8600000US77356,77356,ZCTA5 77356,25888,1479
8600000US77357,77357,ZCTA5 77357,24334,1841
8600000US77358,77358,ZCTA5 77358,5597,1214
8600000US77359,77359,ZCTA5 77359,418,242
8600000US77360,77360,ZCTA5 77360,5084,475
8600000US77362,77362,ZCTA5 77362,5546,1536
8600000US77363,77363,ZCTA5 77363,2705,467
8600000US77364,77364,ZCTA5 77364,1822,523
8600000US77365,77365,ZCTA5 77365,31406,2372
8600000US77367,77367,ZCTA5 77367,111,84
8600000US77368,77368,ZCTA5 77368,181,148
8600000US77369,77369,ZCTA5 77369,482,192
8600000US77371,77371,ZCTA5 77371,8025,690
8600000US77372,77372,ZCTA5 77372,12351,1248
8600000US77373,77373,ZCTA5 77373,58255,2012
8600000US77374,77374,ZCTA5 77374,463,346
8600000US77375,77375,ZCTA5 77375,50525,2125
8600000US77376,77376,ZCTA5 77376,430,248
8600000US77377,77377,ZCTA5 77377,36758,2084
8600000US77378,77378,ZCTA5 77378,16150,1569
8600000US77379,77379,ZCTA5 77379,78226,2044
8600000US77380,77380,ZCTA5 77380,26691,1621
8600000US77381,77381,ZCTA5 77381,36919,1093
8600000US77382,77382,ZCTA5 77382,40546,2603
8600000US77384,77384,ZCTA5 77384,16472,1529
8600000US77385,77385,ZCTA5 77385,23578,2112
8600000US77386,77386,ZCTA5 77386,53042,2601
8600000US77388,77388,ZCTA5 77388,45841,1441
8600000US77389,77389,ZCTA5 77389,31883,1374
8600000US77396,77396,ZCTA5 77396,54352,2174
8600000US77401,77401,ZCTA5 77401,19062,207
8600000US77406,77406,ZCTA5 77406,41008,1772
8600000US77407,77407,ZCTA5 77407,48157,2435
8600000US77412,77412,ZCTA5 77412,105,99
8600000US77414,77414,ZCTA5 77414,23369,566
8600000US77415,77415,ZCTA5 77415,86,139
8600000US77417,77417,ZCTA5 77417,2760,475
8600000US77418,77418,ZCTA5 77418,9926,555
8600000US77419,77419,ZCTA5 77419,1473,395
8600000US77420,77420,ZCTA5 77420,2245,483
8600000US77422,77422,ZCTA5 77422,13378,1009
8600000US77423,77423,ZCTA5 77423,11551,731
8600000US77426,77426,ZCTA5 77426,2350,542
8600000US77428,77428,ZCTA5 77428,0,13
8600000US77429,77429,ZCTA5 77429,86399,2495
8600000US77430,77430,ZCTA5 77430,2051,512
8600000US77432,77432,ZCTA5 77432,112,122
8600000US77433,77433,ZCTA5 77433,75008,2574
8600000US77434,77434,ZCTA5 77434,4781,435
8600000US77435,77435,ZCTA5 77435,4303,528
8600000US77436,77436,ZCTA5 77436,43,68
8600000US77437,77437,ZCTA5 77437,16875,632
8600000US77440,77440,ZCTA5 77440,23,37
8600000US77441,77441,ZCTA5 77441,9919,646
8600000US77442,77442,ZCTA5 77442,922,296
8600000US77443,77443,ZCTA5 77443,256,382
8600000US77444,77444,ZCTA5 77444,708,282
8600000US77445,77445,ZCTA5 77445,13301,704
8600000US77446,77446,ZCTA5 77446,6095,183
8600000US77447,77447,ZCTA5 77447,15246,1278
8600000US77448,77448,ZCTA5 77448,58,59
8600000US77449,77449,ZCTA5 77449,119204,3633
8600000US77450,77450,ZCTA5 77450,74631,1950
8600000US77451,77451,ZCTA5 77451,79,58
8600000US77453,77453,ZCTA5 77453,335,260
8600000US77454,77454,ZCTA5 77454,15,23
8600000US77455,77455,ZCTA5 77455,2026,334
8600000US77456,77456,ZCTA5 77456,1323,451
8600000US77457,77457,ZCTA5 77457,521,201
8600000US77458,77458,ZCTA5 77458,272,267
8600000US77459,77459,ZCTA5 77459,66175,1700
8600000US77460,77460,ZCTA5 77460,151,199
8600000US77461,77461,ZCTA5 77461,10752,915
8600000US77464,77464,ZCTA5 77464,284,132
8600000US77465,77465,ZCTA5 77465,7269,594
8600000US77466,77466,ZCTA5 77466,353,158
8600000US77467,77467,ZCTA5 77467,37,37
8600000US77468,77468,ZCTA5 77468,44,74
8600000US77469,77469,ZCTA5 77469,46934,1778
8600000US77470,77470,ZCTA5 77470,399,188
8600000US77471,77471,ZCTA5 77471,38837,1283
8600000US77473,77473,ZCTA5 77473,111,80
8600000US77474,77474,ZCTA5 77474,12993,610
8600000US77475,77475,ZCTA5 77475,882,389
8600000US77476,77476,ZCTA5 77476,194,125
8600000US77477,77477,ZCTA5 77477,36932,1424
8600000US77478,77478,ZCTA5 77478,25846,1210
8600000US77479,77479,ZCTA5 77479,88603,1872
8600000US77480,77480,ZCTA5 77480,7661,531
8600000US77481,77481,ZCTA5 77481,13,18
8600000US77482,77482,ZCTA5 77482,2274,584
8600000US77483,77483,ZCTA5 77483,292,242
8600000US77484,77484,ZCTA5 77484,10710,876
8600000US77485,77485,ZCTA5 77485,4691,881
8600000US77486,77486,ZCTA5 77486,7082,646
8600000US77488,77488,ZCTA5 77488,14738,752
8600000US77489,77489,ZCTA5 77489,36786,1383
8600000US77493,77493,ZCTA5 77493,29984,1566
8600000US77494,77494,ZCTA5 77494,105854,2645
8600000US77498,77498,ZCTA5 77498,51037,2085
8600000US77502,77502,ZCTA5 77502,39040,1611
8600000US77503,77503,ZCTA5 77503,26171,1037
8600000US77504,77504,ZCTA5 77504,23327,1390
8600000US77505,77505,ZCTA5 77505,24230,1248
8600000US77506,77506,ZCTA5 77506,37736,1441
8600000US77507,77507,ZCTA5 77507,0,13
8600000US77510,77510,ZCTA5 77510,14608,1096
8600000US77511,77511,ZCTA5 77511,46121,1549
8600000US77514,77514,ZCTA5 77514,4443,499
8600000US77515,77515,ZCTA5 77515,31627,1113
8600000US77517,77517,ZCTA5 77517,5688,945
8600000US77518,77518,ZCTA5 77518,10984,1175
8600000US77519,77519,ZCTA5 77519,1509,530
8600000US77520,77520,ZCTA5 77520,36694,1076
8600000US77521,77521,ZCTA5 77521,57125,1723
8600000US77523,77523,ZCTA5 77523,21366,1094
8600000US77530,77530,ZCTA5 77530,31119,1856
8600000US77531,77531,ZCTA5 77531,16078,287
8600000US77532,77532,ZCTA5 77532,28320,1647
8600000US77533,77533,ZCTA5 77533,849,237
8600000US77534,77534,ZCTA5 77534,2426,439
8600000US77535,77535,ZCTA5 77535,32904,1598
8600000US77536,77536,ZCTA5 77536,32392,625
8600000US77538,77538,ZCTA5 77538,906,276
8600000US77539,77539,ZCTA5 77539,42607,1706
8600000US77541,77541,ZCTA5 77541,18525,694
8600000US77545,77545,ZCTA5 77545,25036,1684
8600000US77546,77546,ZCTA5 77546,52261,1086
8600000US77547,77547,ZCTA5 77547,10077,288
8600000US77550,77550,ZCTA5 77550,22070,939
8600000US77551,77551,ZCTA5 77551,21203,990
8600000US77554,77554,ZCTA5 77554,8249,1022
8600000US77560,77560,ZCTA5 77560,624,257
8600000US77561,77561,ZCTA5 77561,67,35
8600000US77562,77562,ZCTA5 77562,10665,1084
8600000US77563,77563,ZCTA5 77563,10067,292
8600000US77564,77564,ZCTA5 77564,1986,606
8600000US77565,77565,ZCTA5 77565,7233,874
8600000US77566,77566,ZCTA5 77566,29441,363
8600000US77568,77568,ZCTA5 77568,15640,144
8600000US77571,77571,ZCTA5 77571,37374,377
8600000US77573,77573,ZCTA5 77573,85108,1293
8600000US77575,77575,ZCTA5 77575,17005,1030
8600000US77577,77577,ZCTA5 77577,1566,270
8600000US77578,77578,ZCTA5 77578,18636,1616
8600000US77580,77580,ZCTA5 77580,534,355
8600000US77581,77581,ZCTA5 77581,47625,1730
8600000US77583,77583,ZCTA5 77583,35308,3087
8600000US77584,77584,ZCTA5 77584,87121,2291
8600000US77585,77585,ZCTA5 77585,880,403
8600000US77586,77586,ZCTA5 77586,22182,456
8600000US77587,77587,ZCTA5 77587,16901,341
8600000US77590,77590,ZCTA5 77590,31084,1202
8600000US77591,77591,ZCTA5 77591,14073,1094
8600000US77597,77597,ZCTA5 77597,1210,456
8600000US77598,77598,ZCTA5 77598,24689,1188
8600000US77611,77611,ZCTA5 77611,8325,316
8600000US77612,77612,ZCTA5 77612,9134,927
8600000US77613,77613,ZCTA5 77613,1048,318
8600000US77614,77614,ZCTA5 77614,516,300
8600000US77615,77615,ZCTA5 77615,1049,400
8600000US77616,77616,ZCTA5 77616,535,232
8600000US77617,77617,ZCTA5 77617,64,48
8600000US77619,77619,ZCTA5 77619,15775,28
8600000US77622,77622,ZCTA5 77622,1464,351
8600000US77623,77623,ZCTA5 77623,515,195
8600000US77624,77624,ZCTA5 77624,630,279
8600000US77625,77625,ZCTA5 77625,9691,1211
8600000US77627,77627,ZCTA5 77627,21198,697
8600000US77629,77629,ZCTA5 77629,634,229
8600000US77630,77630,ZCTA5 77630,28740,861
8600000US77632,77632,ZCTA5 77632,23475,1020
8600000US77640,77640,ZCTA5 77640,15964,780
8600000US77642,77642,ZCTA5 77642,38845,761
8600000US77650,77650,ZCTA5 77650,1611,527
8600000US77651,77651,ZCTA5 77651,12840,24
8600000US77655,77655,ZCTA5 77655,346,98
8600000US77656,77656,ZCTA5 77656,16362,849
8600000US77657,77657,ZCTA5 77657,21427,1092
8600000US77659,77659,ZCTA5 77659,4722,529
8600000US77660,77660,ZCTA5 77660,1182,383
8600000US77661,77661,ZCTA5 77661,852,618
8600000US77662,77662,ZCTA5 77662,26394,871
8600000US77663,77663,ZCTA5 77663,1283,631
8600000US77664,77664,ZCTA5 77664,2229,458
8600000US77665,77665,ZCTA5 77665,6252,971
8600000US77701,77701,ZCTA5 77701,13216,900
8600000US77702,77702,ZCTA5 77702,3091,624
8600000US77703,77703,ZCTA5 77703,14288,1032
8600000US77705,77705,ZCTA5 77705,40819,1609
8600000US77706,77706,ZCTA5 77706,29249,1124
8600000US77707,77707,ZCTA5 77707,17954,1081
8600000US77708,77708,ZCTA5 77708,12288,820
8600000US77713,77713,ZCTA5 77713,14402,1120
8600000US77801,77801,ZCTA5 77801,16759,912
8600000US77802,77802,ZCTA5 77802,26185,1058
8600000US77803,77803,ZCTA5 77803,30609,1111
8600000US77807,77807,ZCTA5 77807,10288,945
8600000US77808,77808,ZCTA5 77808,10849,682
8600000US77830,77830,ZCTA5 77830,2830,540
8600000US77831,77831,ZCTA5 77831,3115,518
8600000US77833,77833,ZCTA5 77833,29060,847
8600000US77835,77835,ZCTA5 77835,2603,621
8600000US77836,77836,ZCTA5 77836,12022,557
8600000US77837,77837,ZCTA5 77837,1889,300
8600000US77840,77840,ZCTA5 77840,59673,1203
8600000US77845,77845,ZCTA5 77845,59512,1402
8600000US77853,77853,ZCTA5 77853,1287,277
8600000US77855,77855,ZCTA5 77855,72,79
8600000US77856,77856,ZCTA5 77856,5037,374
8600000US77857,77857,ZCTA5 77857,664,170
8600000US77859,77859,ZCTA5 77859,7393,373
8600000US77861,77861,ZCTA5 77861,2452,409
8600000US77864,77864,ZCTA5 77864,6935,297
8600000US77865,77865,ZCTA5 77865,1778,432
8600000US77867,77867,ZCTA5 77867,93,42
8600000US77868,77868,ZCTA5 77868,17027,784
8600000US77871,77871,ZCTA5 77871,2568,411
8600000US77872,77872,ZCTA5 77872,1577,213
8600000US77873,77873,ZCTA5 77873,1268,335
8600000US77876,77876,ZCTA5 77876,203,149
8600000US77878,77878,ZCTA5 77878,263,157
8600000US77879,77879,ZCTA5 77879,5251,558
8600000US77880,77880,ZCTA5 77880,1397,425
8600000US77901,77901,ZCTA5 77901,43424,887
8600000US77904,77904,ZCTA5 77904,27570,918
8600000US77905,77905,ZCTA5 77905,14326,700
8600000US77950,77950,ZCTA5 77950,173,45
8600000US77951,77951,ZCTA5 77951,2059,529
8600000US77954,77954,ZCTA5 77954,12256,514
8600000US77957,77957,ZCTA5 77957,8494,420
8600000US77960,77960,ZCTA5 77960,42,55
8600000US77961,77961,ZCTA5 77961,252,216
8600000US77962,77962,ZCTA5 77962,3178,471
8600000US77963,77963,ZCTA5 77963,5991,309
8600000US77964,77964,ZCTA5 77964,8269,411
8600000US77968,77968,ZCTA5 77968,3054,413
8600000US77969,77969,ZCTA5 77969,158,147
8600000US77970,77970,ZCTA5 77970,378,110
8600000US77971,77971,ZCTA5 77971,1078,412
8600000US77973,77973,ZCTA5 77973,0,13
8600000US77974,77974,ZCTA5 77974,382,117
8600000US77975,77975,ZCTA5 77975,1942,273
8600000US77976,77976,ZCTA5 77976,89,64
8600000US77977,77977,ZCTA5 77977,747,268
8600000US77978,77978,ZCTA5 77978,774,178
8600000US77979,77979,ZCTA5 77979,17526,589
8600000US77982,77982,ZCTA5 77982,1070,399
8600000US77983,77983,ZCTA5 77983,2351,465
8600000US77984,77984,ZCTA5 77984,3954,297
8600000US77987,77987,ZCTA5 77987,352,144
8600000US77988,77988,ZCTA5 77988,565,292
8600000US77990,77990,ZCTA5 77990,864,219
8600000US77991,77991,ZCTA5 77991,614,262
8600000US77993,77993,ZCTA5 77993,183,106
8600000US77994,77994,ZCTA5 77994,508,203
8600000US77995,77995,ZCTA5 77995,9847,558
8600000US78001,78001,ZCTA5 78001,0,13
8600000US78002,78002,ZCTA5 78002,7904,1238
8600000US78003,78003,ZCTA5 78003,8958,741
8600000US78004,78004,ZCTA5 78004,879,290
8600000US78005,78005,ZCTA5 78005,870,517
8600000US78006,78006,ZCTA5 78006,31709,912
8600000US78007,78007,ZCTA5 78007,165,120
8600000US78008,78008,ZCTA5 78008,210,141
8600000US78009,78009,ZCTA5 78009,8910,1112
8600000US78010,78010,ZCTA5 78010,3401,637
8600000US78011,78011,ZCTA5 78011,2030,464
8600000US78012,78012,ZCTA5 78012,362,125
8600000US78013,78013,ZCTA5 78013,6574,1060
8600000US78014,78014,ZCTA5 78014,5616,356
8600000US78015,78015,ZCTA5 78015,13897,742
8600000US78016,78016,ZCTA5 78016,8895,683
8600000US78017,78017,ZCTA5 78017,5514,438
8600000US78019,78019,ZCTA5 78019,1505,361
8600000US78021,78021,ZCTA5 78021,342,222
8600000US78022,78022,ZCTA5 78022,4286,433
8600000US78023,78023,ZCTA5 78023,29872,1095
8600000US78024,78024,ZCTA5 78024,1332,343
8600000US78025,78025,ZCTA5 78025,4523,642
8600000US78026,78026,ZCTA5 78026,6094,492
8600000US78027,78027,ZCTA5 78027,569,326
8600000US78028,78028,ZCTA5 78028,39626,789
8600000US78029,78029,ZCTA5 78029,0,13
8600000US78039,78039,ZCTA5 78039,1528,427
8600000US78040,78040,ZCTA5 78040,42324,1703
8600000US78041,78041,ZCTA5 78041,46671,1464
8600000US78043,78043,ZCTA5 78043,44762,1620
8600000US78044,78044,ZCTA5 78044,451,236
8600000US78045,78045,ZCTA5 78045,64705,1581
8600000US78046,78046,ZCTA5 78046,69471,1732
8600000US78050,78050,ZCTA5 78050,448,213
8600000US78052,78052,ZCTA5 78052,6838,998
8600000US78055,78055,ZCTA5 78055,1945,438
8600000US78056,78056,ZCTA5 78056,2131,532
8600000US78057,78057,ZCTA5 78057,627,313
8600000US78058,78058,ZCTA5 78058,1032,375
8600000US78059,78059,ZCTA5 78059,6131,762
8600000US78060,78060,ZCTA5 78060,30,46
8600000US78061,78061,ZCTA5 78061,12595,571
8600000US78063,78063,ZCTA5 78063,9936,790
8600000US78064,78064,ZCTA5 78064,15966,736
8600000US78065,78065,ZCTA5 78065,10181,1014
8600000US78066,78066,ZCTA5 78066,538,331
8600000US78067,78067,ZCTA5 78067,695,284
8600000US78069,78069,ZCTA5 78069,5874,961
8600000US78070,78070,ZCTA5 78070,15559,1023
8600000US78071,78071,ZCTA5 78071,4510,533
8600000US78072,78072,ZCTA5 78072,404,134
8600000US78073,78073,ZCTA5 78073,9269,1060
8600000US78075,78075,ZCTA5 78075,166,108
8600000US78076,78076,ZCTA5 78076,13202,430
8600000US78101,78101,ZCTA5 78101,6911,819
8600000US78102,78102,ZCTA5 78102,28648,458
8600000US78104,78104,ZCTA5 78104,65,43
8600000US78107,78107,ZCTA5 78107,296,168
8600000US78108,78108,ZCTA5 78108,35986,971
8600000US78109,78109,ZCTA5 78109,40093,1509
8600000US78112,78112,ZCTA5 78112,8129,510
8600000US78113,78113,ZCTA5 78113,2877,423
8600000US78114,78114,ZCTA5 78114,22409,929
8600000US78116,78116,ZCTA5 78116,362,138
8600000US78117,78117,ZCTA5 78117,453,129
8600000US78118,78118,ZCTA5 78118,3862,174
8600000US78119,78119,ZCTA5 78119,7521,374
8600000US78121,78121,ZCTA5 78121,12726,739
8600000US78122,78122,ZCTA5 78122,291,153
8600000US78123,78123,ZCTA5 78123,2527,277
8600000US78124,78124,ZCTA5 78124,5961,618
8600000US78125,78125,ZCTA5 78125,75,31
8600000US78130,78130,ZCTA5 78130,70055,1131
8600000US78132,78132,ZCTA5 78132,26918,1319
8600000US78133,78133,ZCTA5 78133,18942,985
8600000US78140,78140,ZCTA5 78140,3736,396
8600000US78141,78141,ZCTA5 78141,484,98
8600000US78142,78142,ZCTA5 78142,153,68
8600000US78143,78143,ZCTA5 78143,516,369
8600000US78144,78144,ZCTA5 78144,40,34
8600000US78145,78145,ZCTA5 78145,91,61
8600000US78146,78146,ZCTA5 78146,559,149
8600000US78147,78147,ZCTA5 78147,2156,357
8600000US78148,78148,ZCTA5 78148,21456,275
8600000US78150,78150,ZCTA5 78150,20,36
8600000US78151,78151,ZCTA5 78151,1529,227
8600000US78152,78152,ZCTA5 78152,2155,298
8600000US78154,78154,ZCTA5 78154,38293,819
8600000US78155,78155,ZCTA5 78155,47469,937
8600000US78159,78159,ZCTA5 78159,993,291
8600000US78160,78160,ZCTA5 78160,4424,485
8600000US78161,78161,ZCTA5 78161,628,220
8600000US78162,78162,ZCTA5 78162,410,166
8600000US78163,78163,ZCTA5 78163,10703,950
8600000US78164,78164,ZCTA5 78164,3048,386
8600000US78201,78201,ZCTA5 78201,47500,1904
8600000US78202,78202,ZCTA5 78202,12178,1118
8600000US78203,78203,ZCTA5 78203,6456,904
8600000US78204,78204,ZCTA5 78204,12454,909
8600000US78205,78205,ZCTA5 78205,1041,208
8600000US78207,78207,ZCTA5 78207,54071,1862
8600000US78208,78208,ZCTA5 78208,4704,737
8600000US78209,78209,ZCTA5 78209,41274,1383
8600000US78210,78210,ZCTA5 78210,37801,1529
8600000US78211,78211,ZCTA5 78211,31952,1738
8600000US78212,78212,ZCTA5 78212,28664,1220
8600000US78213,78213,ZCTA5 78213,43394,1964
8600000US78214,78214,ZCTA5 78214,26013,1714
8600000US78215,78215,ZCTA5 78215,2686,428
8600000US78216,78216,ZCTA5 78216,41042,1495
8600000US78217,78217,ZCTA5 78217,33803,1632
8600000US78218,78218,ZCTA5 78218,35384,1623
8600000US78219,78219,ZCTA5 78219,16376,805
8600000US78220,78220,ZCTA5 78220,16833,1478
8600000US78221,78221,ZCTA5 78221,40249,1657
8600000US78222,78222,ZCTA5 78222,24189,1410
8600000US78223,78223,ZCTA5 78223,54517,1889
8600000US78224,78224,ZCTA5 78224,21636,1249
8600000US78225,78225,ZCTA5 78225,13933,1283
8600000US78226,78226,ZCTA5 78226,6755,641
8600000US78227,78227,ZCTA5 78227,49793,1947
8600000US78228,78228,ZCTA5 78228,62371,2036
8600000US78229,78229,ZCTA5 78229,32338,1381
8600000US78230,78230,ZCTA5 78230,45104,1758
8600000US78231,78231,ZCTA5 78231,8453,710
8600000US78232,78232,ZCTA5 78232,38054,1440
8600000US78233,78233,ZCTA5 78233,47700,1551
8600000US78234,78234,ZCTA5 78234,5552,548
8600000US78235,78235,ZCTA5 78235,1062,318
8600000US78236,78236,ZCTA5 78236,7048,660
8600000US78237,78237,ZCTA5 78237,37508,1895
8600000US78238,78238,ZCTA5 78238,25300,1153
8600000US78239,78239,ZCTA5 78239,28373,1281
8600000US78240,78240,ZCTA5 78240,58207,1927
8600000US78242,78242,ZCTA5 78242,33219,1687
8600000US78243,78243,ZCTA5 78243,413,170
8600000US78244,78244,ZCTA5 78244,30618,1555
8600000US78245,78245,ZCTA5 78245,72277,2268
8600000US78247,78247,ZCTA5 78247,52885,1558
8600000US78248,78248,ZCTA5 78248,14372,752
8600000US78249,78249,ZCTA5 78249,56674,1647
8600000US78250,78250,ZCTA5 78250,60906,1815
8600000US78251,78251,ZCTA5 78251,58522,1793
8600000US78252,78252,ZCTA5 78252,10593,1082
8600000US78253,78253,ZCTA5 78253,41188,1583
8600000US78254,78254,ZCTA5 78254,56329,1493
8600000US78255,78255,ZCTA5 78255,14507,1050
8600000US78256,78256,ZCTA5 78256,9423,950
8600000US78257,78257,ZCTA5 78257,6107,627
8600000US78258,78258,ZCTA5 78258,45966,1453
8600000US78259,78259,ZCTA5 78259,25873,1121
8600000US78260,78260,ZCTA5 78260,27907,1031
8600000US78261,78261,ZCTA5 78261,17143,827
8600000US78263,78263,ZCTA5 78263,5072,769
8600000US78264,78264,ZCTA5 78264,10188,1071
8600000US78266,78266,ZCTA5 78266,6746,618
8600000US78330,78330,ZCTA5 78330,975,266
8600000US78332,78332,ZCTA5 78332,28641,1023
8600000US78335,78335,ZCTA5 78335,0,13
8600000US78336,78336,ZCTA5 78336,11828,773
8600000US78338,78338,ZCTA5 78338,46,52
8600000US78339,78339,ZCTA5 78339,433,150
8600000US78340,78340,ZCTA5 78340,461,143
8600000US78341,78341,ZCTA5 78341,2100,407
8600000US78342,78342,ZCTA5 78342,361,174
8600000US78343,78343,ZCTA5 78343,4374,318
8600000US78344,78344,ZCTA5 78344,270,115
8600000US78349,78349,ZCTA5 78349,685,263
8600000US78351,78351,ZCTA5 78351,391,152
8600000US78352,78352,ZCTA5 78352,271,287
8600000US78353,78353,ZCTA5 78353,206,97
8600000US78355,78355,ZCTA5 78355,7309,165
8600000US78357,78357,ZCTA5 78357,2912,203
8600000US78358,78358,ZCTA5 78358,682,251
8600000US78359,78359,ZCTA5 78359,2056,238
8600000US78361,78361,ZCTA5 78361,5357,144
8600000US78362,78362,ZCTA5 78362,9907,376
8600000US78363,78363,ZCTA5 78363,29963,353
8600000US78368,78368,ZCTA5 78368,9620,556
8600000US78369,78369,ZCTA5 78369,480,218
8600000US78370,78370,ZCTA5 78370,4718,577
8600000US78371,78371,ZCTA5 78371,307,139
8600000US78372,78372,ZCTA5 78372,6233,969
8600000US78373,78373,ZCTA5 78373,4084,120
8600000US78374,78374,ZCTA5 78374,17661,348
8600000US78375,78375,ZCTA5 78375,3055,209
8600000US78376,78376,ZCTA5 78376,760,273
8600000US78377,78377,ZCTA5 78377,3770,177
8600000US78379,78379,ZCTA5 78379,1576,353
8600000US78380,78380,ZCTA5 78380,24126,610
8600000US78382,78382,ZCTA5 78382,21537,720
8600000US78383,78383,ZCTA5 78383,4077,820
8600000US78384,78384,ZCTA5 78384,5635,587
8600000US78385,78385,ZCTA5 78385,483,211
8600000US78387,78387,ZCTA5 78387,10062,777
8600000US78389,78389,ZCTA5 78389,1623,316
8600000US78390,78390,ZCTA5 78390,5197,473
8600000US78391,78391,ZCTA5 78391,251,148
8600000US78393,78393,ZCTA5 78393,2130,248
8600000US78401,78401,ZCTA5 78401,5445,739
8600000US78402,78402,ZCTA5 78402,272,111
8600000US78404,78404,ZCTA5 78404,18467,1043
8600000US78405,78405,ZCTA5 78405,15469,1160
8600000US78406,78406,ZCTA5 78406,1784,601
8600000US78407,78407,ZCTA5 78407,3456,534
8600000US78408,78408,ZCTA5 78408,12606,881
8600000US78409,78409,ZCTA5 78409,2733,336
8600000US78410,78410,ZCTA5 78410,27087,1186
8600000US78411,78411,ZCTA5 78411,26570,1116
8600000US78412,78412,ZCTA5 78412,39286,1198
8600000US78413,78413,ZCTA5 78413,40070,1233
8600000US78414,78414,ZCTA5 78414,38343,1051
8600000US78415,78415,ZCTA5 78415,40496,1419
8600000US78416,78416,ZCTA5 78416,15493,1173
8600000US78417,78417,ZCTA5 78417,4176,440
8600000US78418,78418,ZCTA5 78418,31120,1506
8600000US78419,78419,ZCTA5 78419,919,205
8600000US78501,78501,ZCTA5 78501,64340,1942
8600000US78503,78503,ZCTA5 78503,22877,1564
8600000US78504,78504,ZCTA5 78504,53665,1741
8600000US78516,78516,ZCTA5 78516,35223,2306
8600000US78520,78520,ZCTA5 78520,62804,1752
8600000US78521,78521,ZCTA5 78521,92975,2072
8600000US78526,78526,ZCTA5 78526,47125,1655
8600000US78535,78535,ZCTA5 78535,678,250
8600000US78536,78536,ZCTA5 78536,400,192
8600000US78537,78537,ZCTA5 78537,45606,2481
8600000US78538,78538,ZCTA5 78538,10912,1125
8600000US78539,78539,ZCTA5 78539,34991,1800
8600000US78541,78541,ZCTA5 78541,44387,1949
8600000US78542,78542,ZCTA5 78542,75822,3025
8600000US78543,78543,ZCTA5 78543,8886,505
8600000US78545,78545,ZCTA5 78545,521,350
8600000US78548,78548,ZCTA5 78548,649,259
8600000US78549,78549,ZCTA5 78549,925,415
8600000US78550,78550,ZCTA5 78550,52746,1414
8600000US78552,78552,ZCTA5 78552,38352,1785
8600000US78557,78557,ZCTA5 78557,13859,328
8600000US78558,78558,ZCTA5 78558,1121,488
8600000US78559,78559,ZCTA5 78559,12579,1277
8600000US78560,78560,ZCTA5 78560,4846,312
8600000US78561,78561,ZCTA5 78561,772,210
8600000US78562,78562,ZCTA5 78562,4099,295
8600000US78563,78563,ZCTA5 78563,167,82
8600000US78564,78564,ZCTA5 78564,171,240
8600000US78565,78565,ZCTA5 78565,133,114
8600000US78566,78566,ZCTA5 78566,18120,1203
8600000US78567,78567,ZCTA5 78567,521,195
8600000US78569,78569,ZCTA5 78569,4110,300
8600000US78570,78570,ZCTA5 78570,34560,2379
8600000US78572,78572,ZCTA5 78572,78770,2669
8600000US78573,78573,ZCTA5 78573,38420,1548
8600000US78574,78574,ZCTA5 78574,61238,2620
8600000US78575,78575,ZCTA5 78575,9762,1397
8600000US78576,78576,ZCTA5 78576,11044,1314
8600000US78577,78577,ZCTA5 78577,76821,166
8600000US78578,78578,ZCTA5 78578,11727,675
8600000US78579,78579,ZCTA5 78579,4775,592
8600000US78580,78580,ZCTA5 78580,14943,428
8600000US78582,78582,ZCTA5 78582,42644,703
8600000US78583,78583,ZCTA5 78583,6820,902
8600000US78584,78584,ZCTA5 78584,18757,574
8600000US78585,78585,ZCTA5 78585,313,167
8600000US78586,78586,ZCTA5 78586,56086,1779
8600000US78588,78588,ZCTA5 78588,198,109
8600000US78589,78589,ZCTA5 78589,40709,1036
8600000US78590,78590,ZCTA5 78590,288,126
8600000US78591,78591,ZCTA5 78591,285,152
8600000US78592,78592,ZCTA5 78592,936,239
8600000US78593,78593,ZCTA5 78593,6114,1083
8600000US78594,78594,ZCTA5 78594,1632,359
8600000US78595,78595,ZCTA5 78595,6330,930
8600000US78596,78596,ZCTA5 78596,65013,2206
8600000US78597,78597,ZCTA5 78597,2856,16
8600000US78598,78598,ZCTA5 78598,95,55
8600000US78602,78602,ZCTA5 78602,28027,1727
8600000US78605,78605,ZCTA5 78605,5955,903
8600000US78606,78606,ZCTA5 78606,5552,451
8600000US78607,78607,ZCTA5 78607,77,54
8600000US78608,78608,ZCTA5 78608,387,196
8600000US78609,78609,ZCTA5 78609,1948,303
8600000US78610,78610,ZCTA5 78610,32692,1183
8600000US78611,78611,ZCTA5 78611,13016,791
8600000US78612,78612,ZCTA5 78612,12484,1813
8600000US78613,78613,ZCTA5 78613,77779,1181
8600000US78614,78614,ZCTA5 78614,556,172
8600000US78615,78615,ZCTA5 78615,931,208
8600000US78616,78616,ZCTA5 78616,7518,1098
8600000US78617,78617,ZCTA5 78617,27900,1541
8600000US78618,78618,ZCTA5 78618,353,130
8600000US78619,78619,ZCTA5 78619,4124,594
8600000US78620,78620,ZCTA5 78620,15452,778
8600000US78621,78621,ZCTA5 78621,22261,1211
8600000US78622,78622,ZCTA5 78622,200,110
8600000US78623,78623,ZCTA5 78623,781,266
8600000US78624,78624,ZCTA5 78624,21687,484
8600000US78626,78626,ZCTA5 78626,32529,1435
8600000US78628,78628,ZCTA5 78628,30322,1049
8600000US78629,78629,ZCTA5 78629,12341,556
8600000US78631,78631,ZCTA5 78631,2729,551
8600000US78632,78632,ZCTA5 78632,821,276
8600000US78633,78633,ZCTA5 78633,24727,869
8600000US78634,78634,ZCTA5 78634,29770,859
8600000US78635,78635,ZCTA5 78635,214,170
8600000US78636,78636,ZCTA5 78636,3882,471
8600000US78638,78638,ZCTA5 78638,2103,466
8600000US78639,78639,ZCTA5 78639,8046,572
8600000US78640,78640,ZCTA5 78640,52981,1392
8600000US78641,78641,ZCTA5 78641,60135,1424
8600000US78642,78642,ZCTA5 78642,11087,953
8600000US78643,78643,ZCTA5 78643,5901,365
8600000US78644,78644,ZCTA5 78644,18287,712
8600000US78645,78645,ZCTA5 78645,10705,502
8600000US78648,78648,ZCTA5 78648,7791,530
8600000US78650,78650,ZCTA5 78650,1663,365
8600000US78652,78652,ZCTA5 78652,4965,689
8600000US78653,78653,ZCTA5 78653,20822,1244
8600000US78654,78654,ZCTA5 78654,18488,810
8600000US78655,78655,ZCTA5 78655,3415,618
8600000US78656,78656,ZCTA5 78656,2513,583
8600000US78657,78657,ZCTA5 78657,5868,534
8600000US78659,78659,ZCTA5 78659,3136,780
8600000US78660,78660,ZCTA5 78660,85450,2167
8600000US78661,78661,ZCTA5 78661,416,182
8600000US78662,78662,ZCTA5 78662,2485,628
8600000US78663,78663,ZCTA5 78663,913,308
8600000US78664,78664,ZCTA5 78664,61361,1798
8600000US78665,78665,ZCTA5 78665,46109,1555
8600000US78666,78666,ZCTA5 78666,77355,1109
8600000US78669,78669,ZCTA5 78669,11375,898
8600000US78670,78670,ZCTA5 78670,164,76
8600000US78671,78671,ZCTA5 78671,626,213
8600000US78672,78672,ZCTA5 78672,1248,257
8600000US78675,78675,ZCTA5 78675,384,219
8600000US78676,78676,ZCTA5 78676,13231,877
8600000US78677,78677,ZCTA5 78677,45,35
8600000US78681,78681,ZCTA5 78681,57234,1499
8600000US78701,78701,ZCTA5 78701,7875,637
8600000US78702,78702,ZCTA5 78702,22876,833
8600000US78703,78703,ZCTA5 78703,20788,741
8600000US78704,78704,ZCTA5 78704,47158,1447
8600000US78705,78705,ZCTA5 78705,33075,1804
8600000US78712,78712,ZCTA5 78712,845,327
8600000US78717,78717,ZCTA5 78717,27764,1167
8600000US78719,78719,ZCTA5 78719,2007,352
8600000US78721,78721,ZCTA5 78721,12447,802
8600000US78722,78722,ZCTA5 78722,7254,508
8600000US78723,78723,ZCTA5 78723,33170,1406
8600000US78724,78724,ZCTA5 78724,24833,1561
8600000US78725,78725,ZCTA5 78725,7517,1240
8600000US78726,78726,ZCTA5 78726,14610,1474
8600000US78727,78727,ZCTA5 78727,28999,1226
8600000US78728,78728,ZCTA5 78728,21245,1137
8600000US78729,78729,ZCTA5 78729,29434,1282
8600000US78730,78730,ZCTA5 78730,8933,656
8600000US78731,78731,ZCTA5 78731,27447,809
8600000US78732,78732,ZCTA5 78732,17762,1121
8600000US78733,78733,ZCTA5 78733,8754,581
8600000US78734,78734,ZCTA5 78734,18722,652
8600000US78735,78735,ZCTA5 78735,17919,1040
8600000US78736,78736,ZCTA5 78736,8199,645
8600000US78737,78737,ZCTA5 78737,15879,753
8600000US78738,78738,ZCTA5 78738,15746,599
8600000US78739,78739,ZCTA5 78739,20191,653
8600000US78741,78741,ZCTA5 78741,52307,1891
8600000US78742,78742,ZCTA5 78742,517,118
8600000US78744,78744,ZCTA5 78744,48432,1815
8600000US78745,78745,ZCTA5 78745,62220,2070
8600000US78746,78746,ZCTA5 78746,28268,683
8600000US78747,78747,ZCTA5 78747,20954,1468
8600000US78748,78748,ZCTA5 78748,49142,1591
8600000US78749,78749,ZCTA5 78749,37453,1175
8600000US78750,78750,ZCTA5 78750,30758,1412
8600000US78751,78751,ZCTA5 78751,14949,819
8600000US78752,78752,ZCTA5 78752,20302,1360
8600000US78753,78753,ZCTA5 78753,58693,2347
8600000US78754,78754,ZCTA5 78754,23858,1873
8600000US78756,78756,ZCTA5 78756,8377,551
8600000US78757,78757,ZCTA5 78757,24059,1189
8600000US78758,78758,ZCTA5 78758,46618,1963
8600000US78759,78759,ZCTA5 78759,41847,1253
8600000US78801,78801,ZCTA5 78801,22156,629
8600000US78802,78802,ZCTA5 78802,549,489
8600000US78827,78827,ZCTA5 78827,1110,308
8600000US78828,78828,ZCTA5 78828,104,89
8600000US78829,78829,ZCTA5 78829,1195,408
8600000US78830,78830,ZCTA5 78830,867,312
8600000US78832,78832,ZCTA5 78832,3631,*****
8600000US78833,78833,ZCTA5 78833,1403,295
8600000US78834,78834,ZCTA5 78834,8662,493
8600000US78836,78836,ZCTA5 78836,165,115
8600000US78837,78837,ZCTA5 78837,190,78
8600000US78838,78838,ZCTA5 78838,202,125
8600000US78839,78839,ZCTA5 78839,9251,508
8600000US78840,78840,ZCTA5 78840,48317,182
8600000US78843,78843,ZCTA5 78843,409,148
8600000US78850,78850,ZCTA5 78850,1306,273
8600000US78851,78851,ZCTA5 78851,33,32
8600000US78852,78852,ZCTA5 78852,55879,608
8600000US78860,78860,ZCTA5 78860,122,104
8600000US78861,78861,ZCTA5 78861,13782,905
8600000US78870,78870,ZCTA5 78870,1031,305
8600000US78871,78871,ZCTA5 78871,46,63
8600000US78872,78872,ZCTA5 78872,1724,343
8600000US78873,78873,ZCTA5 78873,1920,268
8600000US78877,78877,ZCTA5 78877,1183,500
8600000US78879,78879,ZCTA5 78879,215,156
8600000US78880,78880,ZCTA5 78880,1833,275
8600000US78881,78881,ZCTA5 78881,2321,491
8600000US78883,78883,ZCTA5 78883,200,84
8600000US78884,78884,ZCTA5 78884,977,248
8600000US78885,78885,ZCTA5 78885,86,60
8600000US78886,78886,ZCTA5 78886,336,141
8600000US78931,78931,ZCTA5 78931,266,168
8600000US78932,78932,ZCTA5 78932,583,193
8600000US78933,78933,ZCTA5 78933,1138,312
8600000US78934,78934,ZCTA5 78934,6238,596
8600000US78935,78935,ZCTA5 78935,1509,511
8600000US78938,78938,ZCTA5 78938,337,187
8600000US78940,78940,ZCTA5 78940,2387,357
8600000US78941,78941,ZCTA5 78941,2791,456
8600000US78942,78942,ZCTA5 78942,8499,419
8600000US78943,78943,ZCTA5 78943,231,157
8600000US78944,78944,ZCTA5 78944,521,190
8600000US78945,78945,ZCTA5 78945,10107,529
8600000US78946,78946,ZCTA5 78946,860,208
8600000US78947,78947,ZCTA5 78947,4605,437
8600000US78948,78948,ZCTA5 78948,743,233
8600000US78949,78949,ZCTA5 78949,768,260
8600000US78950,78950,ZCTA5 78950,2000,405
8600000US78951,78951,ZCTA5 78951,0,13
8600000US78953,78953,ZCTA5 78953,874,349
8600000US78954,78954,ZCTA5 78954,1170,168
8600000US78956,78956,ZCTA5 78956,5518,531
8600000US78957,78957,ZCTA5 78957,9310,764
8600000US78959,78959,ZCTA5 78959,2047,343
8600000US78962,78962,ZCTA5 78962,5200,529
8600000US78963,78963,ZCTA5 78963,1174,263
8600000US79001,79001,ZCTA5 79001,201,58
8600000US79003,79003,ZCTA5 79003,210,63
8600000US79005,79005,ZCTA5 79005,1653,129
8600000US79007,79007,ZCTA5 79007,14415,281
8600000US79009,79009,ZCTA5 79009,1921,244
8600000US79010,79010,ZCTA5 79010,1008,367
8600000US79011,79011,ZCTA5 79011,209,73
8600000US79012,79012,ZCTA5 79012,1272,478
8600000US79013,79013,ZCTA5 79013,3707,299
8600000US79014,79014,ZCTA5 79014,4119,56
8600000US79015,79015,ZCTA5 79015,21576,690
8600000US79016,79016,ZCTA5 79016,133,123
8600000US79018,79018,ZCTA5 79018,272,97
8600000US79019,79019,ZCTA5 79019,1756,130
8600000US79021,79021,ZCTA5 79021,142,53
8600000US79022,79022,ZCTA5 79022,11488,224
8600000US79024,79024,ZCTA5 79024,470,87
8600000US79025,79025,ZCTA5 79025,39,51
8600000US79027,79027,ZCTA5 79027,5090,223
8600000US79029,79029,ZCTA5 79029,16010,392
8600000US79031,79031,ZCTA5 79031,1397,222
8600000US79032,79032,ZCTA5 79032,180,137
8600000US79033,79033,ZCTA5 79033,87,67
8600000US79034,79034,ZCTA5 79034,634,99
8600000US79035,79035,ZCTA5 79035,4892,228
8600000US79036,79036,ZCTA5 79036,5253,446
8600000US79039,79039,ZCTA5 79039,951,167
8600000US79040,79040,ZCTA5 79040,1771,231
8600000US79041,79041,ZCTA5 79041,3199,314
8600000US79042,79042,ZCTA5 79042,1136,199
8600000US79043,79043,ZCTA5 79043,1443,240
8600000US79044,79044,ZCTA5 79044,651,147
8600000US79045,79045,ZCTA5 79045,19066,239
8600000US79046,79046,ZCTA5 79046,636,98
8600000US79051,79051,ZCTA5 79051,32,44
8600000US79052,79052,ZCTA5 79052,1166,135
8600000US79053,79053,ZCTA5 79053,185,79
8600000US79054,79054,ZCTA5 79054,527,119
8600000US79056,79056,ZCTA5 79056,84,25
8600000US79057,79057,ZCTA5 79057,1595,298
8600000US79058,79058,ZCTA5 79058,0,13
8600000US79059,79059,ZCTA5 79059,705,109
8600000US79061,79061,ZCTA5 79061,392,125
8600000US79062,79062,ZCTA5 79062,226,116
8600000US79063,79063,ZCTA5 79063,661,144
8600000US79064,79064,ZCTA5 79064,2364,235
8600000US79065,79065,ZCTA5 79065,21082,292
8600000US79068,79068,ZCTA5 79068,3043,243
8600000US79070,79070,ZCTA5 79070,10183,140
8600000US79072,79072,ZCTA5 79072,26829,459
8600000US79078,79078,ZCTA5 79078,275,129
8600000US79079,79079,ZCTA5 79079,2696,178
8600000US79080,79080,ZCTA5 79080,562,127
8600000US79081,79081,ZCTA5 79081,4065,233
8600000US79082,79082,ZCTA5 79082,276,123
8600000US79083,79083,ZCTA5 79083,2155,287
8600000US79084,79084,ZCTA5 79084,2384,125
8600000US79085,79085,ZCTA5 79085,25,26
8600000US79086,79086,ZCTA5 79086,2283,389
8600000US79087,79087,ZCTA5 79087,591,134
8600000US79088,79088,ZCTA5 79088,5756,210
8600000US79091,79091,ZCTA5 79091,153,111
8600000US79092,79092,ZCTA5 79092,985,317
8600000US79093,79093,ZCTA5 79093,77,99
8600000US79094,79094,ZCTA5 79094,77,64
8600000US79095,79095,ZCTA5 79095,2699,136
8600000US79096,79096,ZCTA5 79096,2231,207
8600000US79097,79097,ZCTA5 79097,1037,223
8600000US79098,79098,ZCTA5 79098,521,204
8600000US79101,79101,ZCTA5 79101,2185,478
8600000US79102,79102,ZCTA5 79102,9586,957
8600000US79103,79103,ZCTA5 79103,10880,590
8600000US79104,79104,ZCTA5 79104,6727,545
8600000US79105,79105,ZCTA5 79105,0,13
8600000US79106,79106,ZCTA5 79106,27883,882
8600000US79107,79107,ZCTA5 79107,35188,1202
8600000US79108,79108,ZCTA5 79108,16479,810
8600000US79109,79109,ZCTA5 79109,44211,1158
8600000US79110,79110,ZCTA5 79110,19242,921
8600000US79111,79111,ZCTA5 79111,2060,281
8600000US79118,79118,ZCTA5 79118,22279,1005
8600000US79119,79119,ZCTA5 79119,15884,1013
8600000US79121,79121,ZCTA5 79121,6582,423
8600000US79124,79124,ZCTA5 79124,8720,692
8600000US79201,79201,ZCTA5 79201,7066,42
8600000US79220,79220,ZCTA5 79220,276,75
8600000US79225,79225,ZCTA5 79225,1075,213
8600000US79226,79226,ZCTA5 79226,2967,133
8600000US79227,79227,ZCTA5 79227,1454,161
8600000US79229,79229,ZCTA5 79229,399,96
8600000US79230,79230,ZCTA5 79230,195,123
8600000US79231,79231,ZCTA5 79231,100,139
8600000US79233,79233,ZCTA5 79233,89,42
8600000US79234,79234,ZCTA5 79234,57,39
8600000US79235,79235,ZCTA5 79235,3621,187
8600000US79236,79236,ZCTA5 79236,269,90
8600000US79237,79237,ZCTA5 79237,429,104
8600000US79239,79239,ZCTA5 79239,178,80
8600000US79240,79240,ZCTA5 79240,0,13
8600000US79241,79241,ZCTA5 79241,2196,186
8600000US79243,79243,ZCTA5 79243,51,33
8600000US79244,79244,ZCTA5 79244,753,111
8600000US79245,79245,ZCTA5 79245,2467,126
8600000US79247,79247,ZCTA5 79247,78,76
8600000US79248,79248,ZCTA5 79248,1442,125
8600000US79250,79250,ZCTA5 79250,1479,178
8600000US79251,79251,ZCTA5 79251,23,17
8600000US79252,79252,ZCTA5 79252,2996,200
8600000US79255,79255,ZCTA5 79255,670,109
8600000US79256,79256,ZCTA5 79256,285,67
8600000US79257,79257,ZCTA5 79257,932,110
8600000US79258,79258,ZCTA5 79258,47,49
8600000US79259,79259,ZCTA5 79259,36,34
8600000US79261,79261,ZCTA5 79261,394,92
8600000US79311,79311,ZCTA5 79311,3615,425
8600000US79312,79312,ZCTA5 79312,1020,165
8600000US79313,79313,ZCTA5 79313,1738,233
8600000US79314,79314,ZCTA5 79314,70,40
8600000US79316,79316,ZCTA5 79316,11510,228
8600000US79322,79322,ZCTA5 79322,1927,168
8600000US79323,79323,ZCTA5 79323,7367,417
8600000US79324,79324,ZCTA5 79324,67,102
8600000US79325,79325,ZCTA5 79325,2492,245
8600000US79326,79326,ZCTA5 79326,153,115
8600000US79329,79329,ZCTA5 79329,3216,430
8600000US79330,79330,ZCTA5 79330,316,252
8600000US79331,79331,ZCTA5 79331,12742,207
8600000US79336,79336,ZCTA5 79336,17229,347
8600000US79339,79339,ZCTA5 79339,6624,197
8600000US79342,79342,ZCTA5 79342,535,267
8600000US79343,79343,ZCTA5 79343,1653,170
8600000US79344,79344,ZCTA5 79344,95,124
8600000US79345,79345,ZCTA5 79345,920,199
8600000US79346,79346,ZCTA5 79346,2251,121
8600000US79347,79347,ZCTA5 79347,7212,280
8600000US79350,79350,ZCTA5 79350,339,122
8600000US79351,79351,ZCTA5 79351,1436,148
8600000US79353,79353,ZCTA5 79353,54,70
8600000US79355,79355,ZCTA5 79355,1889,288
8600000US79356,79356,ZCTA5 79356,6372,302
8600000US79357,79357,ZCTA5 79357,2260,208
8600000US79358,79358,ZCTA5 79358,1080,140
8600000US79359,79359,ZCTA5 79359,2900,89
8600000US79360,79360,ZCTA5 79360,15623,436
8600000US79363,79363,ZCTA5 79363,5799,484
8600000US79364,79364,ZCTA5 79364,7710,364
8600000US79366,79366,ZCTA5 79366,1236,180
8600000US79367,79367,ZCTA5 79367,756,161
8600000US79369,79369,ZCTA5 79369,138,63
8600000US79370,79370,ZCTA5 79370,1572,127
8600000US79371,79371,ZCTA5 79371,1450,256
8600000US79372,79372,ZCTA5 79372,1191,156
8600000US79373,79373,ZCTA5 79373,2903,71
8600000US79376,79376,ZCTA5 79376,49,36
8600000US79377,79377,ZCTA5 79377,255,84
8600000US79378,79378,ZCTA5 79378,290,90
8600000US79379,79379,ZCTA5 79379,619,121
8600000US79380,79380,ZCTA5 79380,173,65
8600000US79381,79381,ZCTA5 79381,1528,131
8600000US79382,79382,ZCTA5 79382,7122,596
8600000US79401,79401,ZCTA5 79401,7909,740
8600000US79403,79403,ZCTA5 79403,17401,1425
8600000US79404,79404,ZCTA5 79404,10347,932
8600000US79406,79406,ZCTA5 79406,6824,697
8600000US79407,79407,ZCTA5 79407,21028,1290
8600000US79410,79410,ZCTA5 79410,9583,743
8600000US79411,79411,ZCTA5 79411,7894,751
8600000US79412,79412,ZCTA5 79412,17141,1120
8600000US79413,79413,ZCTA5 79413,22149,905
8600000US79414,79414,ZCTA5 79414,18150,723
8600000US79415,79415,ZCTA5 79415,17343,1057
8600000US79416,79416,ZCTA5 79416,33302,1613
8600000US79423,79423,ZCTA5 79423,37960,1191
8600000US79424,79424,ZCTA5 79424,45948,1378
8600000US79501,79501,ZCTA5 79501,2959,402
8600000US79502,79502,ZCTA5 79502,984,176
8600000US79503,79503,ZCTA5 79503,195,121
8600000US79504,79504,ZCTA5 79504,3157,375
8600000US79505,79505,ZCTA5 79505,314,79
8600000US79506,79506,ZCTA5 79506,679,119
8600000US79508,79508,ZCTA5 79508,1403,363
8600000US79510,79510,ZCTA5 79510,7056,324
8600000US79511,79511,ZCTA5 79511,1278,207
8600000US79512,79512,ZCTA5 79512,7907,182
8600000US79517,79517,ZCTA5 79517,239,108
8600000US79518,79518,ZCTA5 79518,51,28
8600000US79519,79519,ZCTA5 79519,52,34
8600000US79520,79520,ZCTA5 79520,2219,285
8600000US79521,79521,ZCTA5 79521,3795,115
8600000US79525,79525,ZCTA5 79525,2261,361
8600000US79526,79526,ZCTA5 79526,835,207
8600000US79527,79527,ZCTA5 79527,183,71
8600000US79528,79528,ZCTA5 79528,619,118
8600000US79529,79529,ZCTA5 79529,1378,184
8600000US79530,79530,ZCTA5 79530,428,164
8600000US79532,79532,ZCTA5 79532,700,153
8600000US79533,79533,ZCTA5 79533,347,105
8600000US79534,79534,ZCTA5 79534,59,49
8600000US79535,79535,ZCTA5 79535,134,55
8600000US79536,79536,ZCTA5 79536,4593,370
8600000US79537,79537,ZCTA5 79537,35,34
8600000US79538,79538,ZCTA5 79538,210,87
8600000US79539,79539,ZCTA5 79539,142,55
8600000US79540,79540,ZCTA5 79540,51,36
8600000US79541,79541,ZCTA5 79541,1137,499
8600000US79543,79543,ZCTA5 79543,1236,160
8600000US79544,79544,ZCTA5 79544,496,112
8600000US79545,79545,ZCTA5 79545,1913,173
8600000US79546,79546,ZCTA5 79546,1768,164
8600000US79547,79547,ZCTA5 79547,771,134
8600000US79548,79548,ZCTA5 79548,123,45
8600000US79549,79549,ZCTA5 79549,16236,226
8600000US79553,79553,ZCTA5 79553,3279,143
8600000US79556,79556,ZCTA5 79556,12915,203
8600000US79560,79560,ZCTA5 79560,145,59
8600000US79561,79561,ZCTA5 79561,736,188
8600000US79562,79562,ZCTA5 79562,3805,561
8600000US79563,79563,ZCTA5 79563,1052,186
8600000US79565,79565,ZCTA5 79565,223,74
8600000US79566,79566,ZCTA5 79566,231,93
8600000US79567,79567,ZCTA5 79567,3517,220
8600000US79601,79601,ZCTA5 79601,28041,1177
8600000US79602,79602,ZCTA5 79602,24027,1128
8600000US79603,79603,ZCTA5 79603,23577,910
8600000US79605,79605,ZCTA5 79605,29672,1317
8600000US79606,79606,ZCTA5 79606,23929,1292
8600000US79607,79607,ZCTA5 79607,3309,361
8600000US79699,79699,ZCTA5 79699,124,72
8600000US79701,79701,ZCTA5 79701,29315,1387
8600000US79703,79703,ZCTA5 79703,23083,1058
8600000US79705,79705,ZCTA5 79705,39818,1689
8600000US79706,79706,ZCTA5 79706,25344,1046
8600000US79707,79707,ZCTA5 79707,38489,1661
8600000US79713,79713,ZCTA5 79713,339,101
8600000US79714,79714,ZCTA5 79714,17577,*****
8600000US79718,79718,ZCTA5 79718,894,232
8600000US79719,79719,ZCTA5 79719,631,174
8600000US79720,79720,ZCTA5 79720,35231,297
8600000US79730,79730,ZCTA5 79730,348,182
8600000US79731,79731,ZCTA5 79731,4767,76
8600000US79733,79733,ZCTA5 79733,198,98
8600000US79734,79734,ZCTA5 79734,2129,53
8600000US79735,79735,ZCTA5 79735,13383,337
8600000US79738,79738,ZCTA5 79738,265,67
8600000US79739,79739,ZCTA5 79739,1149,164
8600000US79741,79741,ZCTA5 79741,212,85
8600000US79742,79742,ZCTA5 79742,494,115
8600000US79743,79743,ZCTA5 79743,384,136
8600000US79744,79744,ZCTA5 79744,1466,261
8600000US79745,79745,ZCTA5 79745,6842,161
8600000US79748,79748,ZCTA5 79748,178,90
8600000US79749,79749,ZCTA5 79749,345,127
8600000US79752,79752,ZCTA5 79752,2473,141
8600000US79754,79754,ZCTA5 79754,59,26
8600000US79755,79755,ZCTA5 79755,188,88
8600000US79756,79756,ZCTA5 79756,9622,215
8600000US79758,79758,ZCTA5 79758,2137,633
8600000US79759,79759,ZCTA5 79759,16,26
8600000US79761,79761,ZCTA5 79761,33922,1129
8600000US79762,79762,ZCTA5 79762,44014,1439
8600000US79763,79763,ZCTA5 79763,37282,1480
8600000US79764,79764,ZCTA5 79764,22105,1177
8600000US79765,79765,ZCTA5 79765,13451,1139
8600000US79766,79766,ZCTA5 79766,6519,815
8600000US79770,79770,ZCTA5 79770,56,88
8600000US79772,79772,ZCTA5 79772,13569,281
8600000US79777,79777,ZCTA5 79777,248,146
8600000US79778,79778,ZCTA5 79778,903,149
8600000US79780,79780,ZCTA5 79780,179,90
8600000US79781,79781,ZCTA5 79781,350,180
8600000US79782,79782,ZCTA5 79782,4521,244
8600000US79783,79783,ZCTA5 79783,305,128
8600000US79785,79785,ZCTA5 79785,114,84
8600000US79788,79788,ZCTA5 79788,469,98
8600000US79789,79789,ZCTA5 79789,908,158
8600000US79821,79821,ZCTA5 79821,7269,330
8600000US79830,79830,ZCTA5 79830,7802,271
8600000US79831,79831,ZCTA5 79831,14,18
8600000US79834,79834,ZCTA5 79834,173,69
8600000US79835,79835,ZCTA5 79835,11835,951
8600000US79836,79836,ZCTA5 79836,5889,672
8600000US79837,79837,ZCTA5 79837,456,190
8600000US79838,79838,ZCTA5 79838,6719,746
8600000US79839,79839,ZCTA5 79839,1748,254
8600000US79842,79842,ZCTA5 79842,533,143
8600000US79843,79843,ZCTA5 79843,2298,247
8600000US79845,79845,ZCTA5 79845,4785,243
8600000US79846,79846,ZCTA5 79846,93,115
8600000US79847,79847,ZCTA5 79847,100,64
8600000US79848,79848,ZCTA5 79848,662,141
8600000US79849,79849,ZCTA5 79849,12452,728
8600000US79851,79851,ZCTA5 79851,1227,263
8600000US79852,79852,ZCTA5 79852,698,182
8600000US79853,79853,ZCTA5 79853,2912,370
8600000US79854,79854,ZCTA5 79854,109,64
8600000US79855,79855,ZCTA5 79855,2208,58
8600000US79901,79901,ZCTA5 79901,10284,677
8600000US79902,79902,ZCTA5 79902,20123,959
8600000US79903,79903,ZCTA5 79903,16495,1293
8600000US79904,79904,ZCTA5 79904,34098,1615
8600000US79905,79905,ZCTA5 79905,23108,1362
8600000US79906,79906,ZCTA5 79906,5125,569
8600000US79907,79907,ZCTA5 79907,53505,1982
8600000US79908,79908,ZCTA5 79908,5299,498
8600000US79911,79911,ZCTA5 79911,4474,840
8600000US79912,79912,ZCTA5 79912,81159,2066
8600000US79915,79915,ZCTA5 79915,35622,1299
8600000US79916,79916,ZCTA5 79916,3074,416
8600000US79920,79920,ZCTA5 79920,5,9
8600000US79922,79922,ZCTA5 79922,8528,702
8600000US79924,79924,ZCTA5 79924,59587,1677
8600000US79925,79925,ZCTA5 79925,39455,1730
8600000US79927,79927,ZCTA5 79927,41162,923
8600000US79928,79928,ZCTA5 79928,56851,2141
8600000US79930,79930,ZCTA5 79930,28324,1859
8600000US79932,79932,ZCTA5 79932,28345,1256
8600000US79934,79934,ZCTA5 79934,25846,1082
8600000US79935,79935,ZCTA5 79935,18166,1033
8600000US79936,79936,ZCTA5 79936,111918,2286
8600000US79938,79938,ZCTA5 79938,77487,2605
8600000US79942,79942,ZCTA5 79942,19,33
8600000US88063,88063,ZCTA5 88063,13310,639
8600000US88081,88081,ZCTA5 88081,16740,1316
8600000US88220,88220,ZCTA5 88220,35488,813
8600000US88260,88260,ZCTA5 88260,15288,467
8600000US88263,88263,ZCTA5 88263,150,83
8600000US88410,88410,ZCTA5 88410,81,98
8600000US88415,88415,ZCTA5 88415,3509,176
8600000US88430,88430,ZCTA5 88430,61,42
